This is pdfTeX, Version 3.141592653-2.6-1.40.22 (TeX Live 2021) (preloaded format=pdflatex 2021.6.18)  19 MAY 2024 15:28
entering extended mode
 \write18 enabled.
 %&-line parsing enabled.
**main.tex
(./main.tex
LaTeX2e <2021-06-01> patch level 1
L3 programming layer <2021-06-01>
(/usr/local/texlive/2021/texmf-dist/tex/latex/base/book.cls
Document Class: book 2021/02/12 v1.4n Standard LaTeX document class
(/usr/local/texlive/2021/texmf-dist/tex/latex/base/bk10.clo
File: bk10.clo 2021/02/12 v1.4n Standard LaTeX file (size option)
)
\c@part=\count182
\c@chapter=\count183
\c@section=\count184
\c@subsection=\count185
\c@subsubsection=\count186
\c@paragraph=\count187
\c@subparagraph=\count188
\c@figure=\count189
\c@table=\count190
\abovecaptionskip=\skip47
\belowcaptionskip=\skip48
\bibindent=\dimen138
)
(/usr/local/texlive/2021/texmf-dist/tex/latex/base/fontenc.sty
Package: fontenc 2021/04/29 v2.0v Standard LaTeX package
)
(/usr/local/texlive/2021/texmf-dist/tex/latex/base/inputenc.sty
Package: inputenc 2021/02/14 v1.3d Input encoding file
\inpenc@prehook=\toks16
\inpenc@posthook=\toks17
)
(/usr/local/texlive/2021/texmf-dist/tex/latex/geometry/geometry.sty
Package: geometry 2020/01/02 v5.9 Page Geometry

(/usr/local/texlive/2021/texmf-dist/tex/latex/graphics/keyval.sty
Package: keyval 2014/10/28 v1.15 key=value parser (DPC)
\KV@toks@=\toks18
)
(/usr/local/texlive/2021/texmf-dist/tex/generic/iftex/ifvtex.sty
Package: ifvtex 2019/10/25 v1.7 ifvtex legacy package. Use iftex instead.

(/usr/local/texlive/2021/texmf-dist/tex/generic/iftex/iftex.sty
Package: iftex 2020/03/06 v1.0d TeX engine tests
))
\Gm@cnth=\count191
\Gm@cntv=\count192
\c@Gm@tempcnt=\count193
\Gm@bindingoffset=\dimen139
\Gm@wd@mp=\dimen140
\Gm@odd@mp=\dimen141
\Gm@even@mp=\dimen142
\Gm@layoutwidth=\dimen143
\Gm@layoutheight=\dimen144
\Gm@layouthoffset=\dimen145
\Gm@layoutvoffset=\dimen146
\Gm@dimlist=\toks19
)
(/usr/local/texlive/2021/texmf-dist/tex/latex/pgf/utilities/pgffor.sty
(/usr/local/texlive/2021/texmf-dist/tex/latex/pgf/utilities/pgfrcs.sty
(/usr/local/texlive/2021/texmf-dist/tex/generic/pgf/utilities/pgfutil-common.te
x
\pgfutil@everybye=\toks20
\pgfutil@tempdima=\dimen147
\pgfutil@tempdimb=\dimen148

(/usr/local/texlive/2021/texmf-dist/tex/generic/pgf/utilities/pgfutil-common-li
sts.tex))
(/usr/local/texlive/2021/texmf-dist/tex/generic/pgf/utilities/pgfutil-latex.def
\pgfutil@abb=\box50
) (/usr/local/texlive/2021/texmf-dist/tex/generic/pgf/utilities/pgfrcs.code.tex
(/usr/local/texlive/2021/texmf-dist/tex/generic/pgf/pgf.revision.tex)
Package: pgfrcs 2021/05/15 v3.1.9a (3.1.9a)
))
(/usr/local/texlive/2021/texmf-dist/tex/latex/pgf/utilities/pgfkeys.sty
(/usr/local/texlive/2021/texmf-dist/tex/generic/pgf/utilities/pgfkeys.code.tex
\pgfkeys@pathtoks=\toks21
\pgfkeys@temptoks=\toks22

(/usr/local/texlive/2021/texmf-dist/tex/generic/pgf/utilities/pgfkeysfiltered.c
ode.tex
\pgfkeys@tmptoks=\toks23
))) (/usr/local/texlive/2021/texmf-dist/tex/latex/pgf/math/pgfmath.sty
(/usr/local/texlive/2021/texmf-dist/tex/generic/pgf/math/pgfmath.code.tex
(/usr/local/texlive/2021/texmf-dist/tex/generic/pgf/math/pgfmathcalc.code.tex
(/usr/local/texlive/2021/texmf-dist/tex/generic/pgf/math/pgfmathutil.code.tex
\pgf@x=\dimen149
\pgf@xa=\dimen150
\pgf@xb=\dimen151
\pgf@xc=\dimen152
\pgf@y=\dimen153
\pgf@ya=\dimen154
\pgf@yb=\dimen155
\pgf@yc=\dimen156
\c@pgf@counta=\count194
\c@pgf@countb=\count195
\c@pgf@countc=\count196
\c@pgf@countd=\count197
)
(/usr/local/texlive/2021/texmf-dist/tex/generic/pgf/math/pgfmathparser.code.tex
\pgfmath@dimen=\dimen157
\pgfmath@count=\count198
\pgfmath@box=\box51
\pgfmath@toks=\toks24
\pgfmath@stack@operand=\toks25
\pgfmath@stack@operation=\toks26
)
(/usr/local/texlive/2021/texmf-dist/tex/generic/pgf/math/pgfmathfunctions.code.
tex
(/usr/local/texlive/2021/texmf-dist/tex/generic/pgf/math/pgfmathfunctions.basic
.code.tex)
(/usr/local/texlive/2021/texmf-dist/tex/generic/pgf/math/pgfmathfunctions.trigo
nometric.code.tex)
(/usr/local/texlive/2021/texmf-dist/tex/generic/pgf/math/pgfmathfunctions.rando
m.code.tex)
(/usr/local/texlive/2021/texmf-dist/tex/generic/pgf/math/pgfmathfunctions.compa
rison.code.tex)
(/usr/local/texlive/2021/texmf-dist/tex/generic/pgf/math/pgfmathfunctions.base.
code.tex)
(/usr/local/texlive/2021/texmf-dist/tex/generic/pgf/math/pgfmathfunctions.round
.code.tex)
(/usr/local/texlive/2021/texmf-dist/tex/generic/pgf/math/pgfmathfunctions.misc.
code.tex)
(/usr/local/texlive/2021/texmf-dist/tex/generic/pgf/math/pgfmathfunctions.integ
erarithmetics.code.tex)))
(/usr/local/texlive/2021/texmf-dist/tex/generic/pgf/math/pgfmathfloat.code.tex
\c@pgfmathroundto@lastzeros=\count199
)))
(/usr/local/texlive/2021/texmf-dist/tex/generic/pgf/utilities/pgffor.code.tex
Package: pgffor 2021/05/15 v3.1.9a (3.1.9a)

(/usr/local/texlive/2021/texmf-dist/tex/generic/pgf/math/pgfmath.code.tex)
\pgffor@iter=\dimen158
\pgffor@skip=\dimen159
\pgffor@stack=\toks27
\pgffor@toks=\toks28
))
(/usr/local/texlive/2021/texmf-dist/tex/latex/epigraph/epigraph.sty
Package: epigraph 2020/01/02 v1.5e typesetting epigraphs

(/usr/local/texlive/2021/texmf-dist/tex/latex/nextpage/nextpage.sty
Package: nextpage 2009/09/03 v1.1a additional page commands
)
\beforeepigraphskip=\skip49
\afterepigraphskip=\skip50
\epigraphwidth=\skip51
\epigraphrule=\skip52
)
(/usr/local/texlive/2021/texmf-dist/tex/latex/varwidth/varwidth.sty
Package: varwidth 2009/03/30 ver 0.92;  Variable-width minipages
\@vwid@box=\box52
\sift@deathcycles=\count266
\@vwid@loff=\dimen160
\@vwid@roff=\dimen161
)
(/usr/local/texlive/2021/texmf-dist/tex/latex/titling/titling.sty
Package: titling 2009/09/04 v2.1d maketitle typesetting
\thanksmarkwidth=\skip53
\thanksmargin=\skip54
\droptitle=\skip55
)
(/usr/local/texlive/2021/texmf-dist/tex/latex/booktabs/booktabs.sty
Package: booktabs 2020/01/12 v1.61803398 Publication quality tables
\heavyrulewidth=\dimen162
\lightrulewidth=\dimen163
\cmidrulewidth=\dimen164
\belowrulesep=\dimen165
\belowbottomsep=\dimen166
\aboverulesep=\dimen167
\abovetopsep=\dimen168
\cmidrulesep=\dimen169
\cmidrulekern=\dimen170
\defaultaddspace=\dimen171
\@cmidla=\count267
\@cmidlb=\count268
\@aboverulesep=\dimen172
\@belowrulesep=\dimen173
\@thisruleclass=\count269
\@lastruleclass=\count270
\@thisrulewidth=\dimen174
)
(/usr/local/texlive/2021/texmf-dist/tex/latex/fancyhdr/fancyhdr.sty
Package: fancyhdr 2021/01/28 v4.0.1 Extensive control of page headers and foote
rs
\f@nch@headwidth=\skip56
\f@nch@O@elh=\skip57
\f@nch@O@erh=\skip58
\f@nch@O@olh=\skip59
\f@nch@O@orh=\skip60
\f@nch@O@elf=\skip61
\f@nch@O@erf=\skip62
\f@nch@O@olf=\skip63
\f@nch@O@orf=\skip64
)
(/usr/local/texlive/2021/texmf-dist/tex/latex/lastpage/lastpage.sty
Package: lastpage 2015/03/29 v1.2m Refers to last page's name (HMM; JPG)
)
(/usr/local/texlive/2021/texmf-dist/tex/latex/natbib/natbib.sty
Package: natbib 2010/09/13 8.31b (PWD, AO)
\bibhang=\skip65
\bibsep=\skip66
LaTeX Info: Redefining \cite on input line 694.
\c@NAT@ctr=\count271
)
(/usr/local/texlive/2021/texmf-dist/tex/latex/base/ifthen.sty
Package: ifthen 2020/11/24 v1.1c Standard LaTeX ifthen package (DPC)
)
(/usr/local/texlive/2021/texmf-dist/tex/latex/mhchem/mhchem.sty
Package: mhchem 2018/06/22 v4.08 for typesetting chemical formulae

(/usr/local/texlive/2021/texmf-dist/tex/latex/l3kernel/expl3.sty
Package: expl3 2021-06-01 L3 programming layer (loader) 

(/usr/local/texlive/2021/texmf-dist/tex/latex/l3backend/l3backend-pdftex.def
File: l3backend-pdftex.def 2021-05-07 L3 backend support: PDF output (pdfTeX)
\l__color_backend_stack_int=\count272
\l__pdf_internal_box=\box53
))
(/usr/local/texlive/2021/texmf-dist/tex/latex/l3packages/l3keys2e/l3keys2e.sty
Package: l3keys2e 2021-06-01 LaTeX2e option processing using LaTeX3 keys
) (/usr/local/texlive/2021/texmf-dist/tex/latex/tools/calc.sty
Package: calc 2017/05/25 v4.3 Infix arithmetic (KKT,FJ)
\calc@Acount=\count273
\calc@Bcount=\count274
\calc@Adimen=\dimen175
\calc@Bdimen=\dimen176
\calc@Askip=\skip67
\calc@Bskip=\skip68
LaTeX Info: Redefining \setlength on input line 80.
LaTeX Info: Redefining \addtolength on input line 81.
\calc@Ccount=\count275
\calc@Cskip=\skip69
)
(/usr/local/texlive/2021/texmf-dist/tex/latex/amsmath/amsmath.sty
Package: amsmath 2021/04/20 v2.17j AMS math features
\@mathmargin=\skip70

For additional information on amsmath, use the `?' option.
(/usr/local/texlive/2021/texmf-dist/tex/latex/amsmath/amstext.sty
Package: amstext 2000/06/29 v2.01 AMS text

(/usr/local/texlive/2021/texmf-dist/tex/latex/amsmath/amsgen.sty
File: amsgen.sty 1999/11/30 v2.0 generic functions
\@emptytoks=\toks29
\ex@=\dimen177
))
(/usr/local/texlive/2021/texmf-dist/tex/latex/amsmath/amsbsy.sty
Package: amsbsy 1999/11/29 v1.2d Bold Symbols
\pmbraise@=\dimen178
)
(/usr/local/texlive/2021/texmf-dist/tex/latex/amsmath/amsopn.sty
Package: amsopn 2016/03/08 v2.02 operator names
)
\inf@bad=\count276
LaTeX Info: Redefining \frac on input line 234.
\uproot@=\count277
\leftroot@=\count278
LaTeX Info: Redefining \overline on input line 399.
\classnum@=\count279
\DOTSCASE@=\count280
LaTeX Info: Redefining \ldots on input line 496.
LaTeX Info: Redefining \dots on input line 499.
LaTeX Info: Redefining \cdots on input line 620.
\Mathstrutbox@=\box54
\strutbox@=\box55
\big@size=\dimen179
LaTeX Font Info:    Redeclaring font encoding OML on input line 743.
LaTeX Font Info:    Redeclaring font encoding OMS on input line 744.
\macc@depth=\count281
\c@MaxMatrixCols=\count282
\dotsspace@=\muskip16
\c@parentequation=\count283
\dspbrk@lvl=\count284
\tag@help=\toks30
\row@=\count285
\column@=\count286
\maxfields@=\count287
\andhelp@=\toks31
\eqnshift@=\dimen180
\alignsep@=\dimen181
\tagshift@=\dimen182
\tagwidth@=\dimen183
\totwidth@=\dimen184
\lineht@=\dimen185
\@envbody=\toks32
\multlinegap=\skip71
\multlinetaggap=\skip72
\mathdisplay@stack=\toks33
LaTeX Info: Redefining \[ on input line 2923.
LaTeX Info: Redefining \] on input line 2924.
)
(/usr/local/texlive/2021/texmf-dist/tex/latex/chemgreek/chemgreek.sty
(/usr/local/texlive/2021/texmf-dist/tex/latex/l3packages/xparse/xparse.sty
Package: xparse 2021-06-01 L3 Experimental document command parser
)
Package: chemgreek 2020/01/16 v1.1a interface for upright Greek letters for use
 in chemistry (CN)
\l__chemgreek_tmpa_int=\count288
\g__chemgreek_tmpa_int=\count289
)
(/usr/local/texlive/2021/texmf-dist/tex/latex/graphics/graphics.sty
Package: graphics 2021/03/04 v1.4d Standard LaTeX Graphics (DPC,SPQR)

(/usr/local/texlive/2021/texmf-dist/tex/latex/graphics/trig.sty
Package: trig 2016/01/03 v1.10 sin cos tan (DPC)
)
(/usr/local/texlive/2021/texmf-dist/tex/latex/graphics-cfg/graphics.cfg
File: graphics.cfg 2016/06/04 v1.11 sample graphics configuration
)
Package graphics Info: Driver file: pdftex.def on input line 107.

(/usr/local/texlive/2021/texmf-dist/tex/latex/graphics-def/pdftex.def
File: pdftex.def 2020/10/05 v1.2a Graphics/color driver for pdftex
))
\l__mhchem_ce_distanceFromLastComma_int=\count290
\__mhchem_arrow_extPgfLength_skip=\skip73
\mhchem@minispace@tmp=\skip74
\mhchem@minibackspace@tmp=\skip75
\mhchem@bondwidth=\skip76
\mhchem@bondheight=\skip77
\mhchem@smallbondwidth@tmpA=\skip78
\mhchem@smallbondwidth@tmpB=\skip79
\mhchem@smallbondwidth=\skip80
\mhchem@bondtmp@minussidebearingleft=\skip81
\mhchem@bondtmp@minussidebearingright=\skip82
\l__mhchem_option_version_int=\count291
\mhchem@option@minusmathsidebearingleft=\dimen186
\mhchem@option@minusmathsidebearingright=\dimen187
\mhchem@option@minustextsidebearingleft=\dimen188
\mhchem@option@minustextsidebearingright=\dimen189
)
(/usr/local/texlive/2021/texmf-dist/tex/latex/siunitx/siunitx.sty
Package: siunitx 2021-06-09 v3.0.12 A comprehensive (SI) units package
\l__siunitx_angle_tmp_dim=\dimen190
\l__siunitx_angle_marker_box=\box56
\l__siunitx_angle_unit_box=\box57
\l__siunitx_compound_count_int=\count292

(/usr/local/texlive/2021/texmf-dist/tex/latex/translations/translations.sty
Package: translations 2021/01/17 v1.10a internationalization of LaTeX2e package
s (CN)

(/usr/local/texlive/2021/texmf-dist/tex/latex/etoolbox/etoolbox.sty
Package: etoolbox 2020/10/05 v2.5k e-TeX tools for LaTeX (JAW)
\etb@tempcnta=\count293
)
(/usr/local/texlive/2021/texmf-dist/tex/generic/pdftexcmds/pdftexcmds.sty
Package: pdftexcmds 2020-06-27 v0.33 Utility functions of pdfTeX for LuaTeX (HO
)

(/usr/local/texlive/2021/texmf-dist/tex/generic/infwarerr/infwarerr.sty
Package: infwarerr 2019/12/03 v1.5 Providing info/warning/error messages (HO)
)
(/usr/local/texlive/2021/texmf-dist/tex/generic/ltxcmds/ltxcmds.sty
Package: ltxcmds 2020-05-10 v1.25 LaTeX kernel commands for general use (HO)
)
Package pdftexcmds Info: \pdf@primitive is available.
Package pdftexcmds Info: \pdf@ifprimitive is available.
Package pdftexcmds Info: \pdfdraftmode found.
))
\l__siunitx_number_exponent_fixed_int=\count294
\l__siunitx_number_min_decimal_int=\count295
\l__siunitx_number_min_integer_int=\count296
\l__siunitx_number_round_precision_int=\count297
\l__siunitx_number_group_minimum_int=\count298

(/usr/local/texlive/2021/texmf-dist/tex/latex/graphics/color.sty
Package: color 2020/02/24 v1.2b Standard LaTeX Color (DPC)

(/usr/local/texlive/2021/texmf-dist/tex/latex/graphics-cfg/color.cfg
File: color.cfg 2016/01/02 v1.6 sample color configuration
)
Package color Info: Driver file: pdftex.def on input line 149.
)
\l__siunitx_table_tmp_box=\box58
\l__siunitx_table_tmp_dim=\dimen191
\l__siunitx_table_column_width_dim=\dimen192
\l__siunitx_table_integer_box=\box59
\l__siunitx_table_decimal_box=\box60
\l__siunitx_table_before_box=\box61
\l__siunitx_table_after_box=\box62
\l__siunitx_table_before_dim=\dimen193
\l__siunitx_table_carry_dim=\dimen194
\l__siunitx_unit_tmp_int=\count299
\l__siunitx_unit_position_int=\count300
\l__siunitx_unit_total_int=\count301

(/usr/local/texlive/2021/texmf-dist/tex/latex/tools/array.sty
Package: array 2021/04/20 v2.5e Tabular extension package (FMi)
\col@sep=\dimen195
\ar@mcellbox=\box63
\extrarowheight=\dimen196
\NC@list=\toks34
\extratabsurround=\skip83
\backup@length=\skip84
\ar@cellbox=\box64
))
(/usr/local/texlive/2021/texmf-dist/tex/latex/amsfonts/amssymb.sty
Package: amssymb 2013/01/14 v3.01 AMS font symbols

(/usr/local/texlive/2021/texmf-dist/tex/latex/amsfonts/amsfonts.sty
Package: amsfonts 2013/01/14 v3.01 Basic AMSFonts support
\symAMSa=\mathgroup4
\symAMSb=\mathgroup5
LaTeX Font Info:    Redeclaring math symbol \hbar on input line 98.
LaTeX Font Info:    Overwriting math alphabet `\mathfrak' in version `bold'
(Font)                  U/euf/m/n --> U/euf/b/n on input line 106.
))
(/usr/local/texlive/2021/texmf-dist/tex/latex/graphics/graphicx.sty
Package: graphicx 2020/12/05 v1.2c Enhanced LaTeX Graphics (DPC,SPQR)
\Gin@req@height=\dimen197
\Gin@req@width=\dimen198
)
(/usr/local/texlive/2021/texmf-dist/tex/latex/tensor/tensor.sty
Package: tensor 2004/12/20 v2.1 tensor indices package (PGR)
\tnsr@Sps=\toks35
\tnsr@Sbs=\toks36
\tnsr@Spe=\toks37
\tnsr@Sbe=\toks38
\ncld@Mno=\toks39
)
(/usr/local/texlive/2021/texmf-dist/tex/latex/tools/bm.sty
Package: bm 2021/04/25 v1.2e Bold Symbol Support (DPC/FMi)
\symboldoperators=\mathgroup6
\symboldletters=\mathgroup7
\symboldsymbols=\mathgroup8
Package bm Info: No bold for \OMX/cmex/m/n, using \pmb.
Package bm Info: No bold for \U/msa/m/n, using \pmb.
Package bm Info: No bold for \U/msb/m/n, using \pmb.
LaTeX Font Info:    Redeclaring math alphabet \mathbf on input line 149.
)
(/usr/local/texlive/2021/texmf-dist/tex/latex/pgf/frontendlayer/tikz.sty
(/usr/local/texlive/2021/texmf-dist/tex/latex/pgf/basiclayer/pgf.sty
Package: pgf 2021/05/15 v3.1.9a (3.1.9a)

(/usr/local/texlive/2021/texmf-dist/tex/latex/pgf/basiclayer/pgfcore.sty
(/usr/local/texlive/2021/texmf-dist/tex/latex/pgf/systemlayer/pgfsys.sty
(/usr/local/texlive/2021/texmf-dist/tex/generic/pgf/systemlayer/pgfsys.code.tex
Package: pgfsys 2021/05/15 v3.1.9a (3.1.9a)
(/usr/local/texlive/2021/texmf-dist/tex/generic/pgf/utilities/pgfkeys.code.tex)
\pgf@x=\dimen199
\pgf@y=\dimen256
\pgf@xa=\dimen257
\pgf@ya=\dimen258
\pgf@xb=\dimen259
\pgf@yb=\dimen260
\pgf@xc=\dimen261
\pgf@yc=\dimen262
\pgf@xd=\dimen263
\pgf@yd=\dimen264
\w@pgf@writea=\write3
\r@pgf@reada=\read2
\c@pgf@counta=\count302
\c@pgf@countb=\count303
\c@pgf@countc=\count304
\c@pgf@countd=\count305
\t@pgf@toka=\toks40
\t@pgf@tokb=\toks41
\t@pgf@tokc=\toks42
\pgf@sys@id@count=\count306
(/usr/local/texlive/2021/texmf-dist/tex/generic/pgf/systemlayer/pgf.cfg
File: pgf.cfg 2021/05/15 v3.1.9a (3.1.9a)
)
Driver file for pgf: pgfsys-pdftex.def

(/usr/local/texlive/2021/texmf-dist/tex/generic/pgf/systemlayer/pgfsys-pdftex.d
ef
File: pgfsys-pdftex.def 2021/05/15 v3.1.9a (3.1.9a)

(/usr/local/texlive/2021/texmf-dist/tex/generic/pgf/systemlayer/pgfsys-common-p
df.def
File: pgfsys-common-pdf.def 2021/05/15 v3.1.9a (3.1.9a)
)))
(/usr/local/texlive/2021/texmf-dist/tex/generic/pgf/systemlayer/pgfsyssoftpath.
code.tex
File: pgfsyssoftpath.code.tex 2021/05/15 v3.1.9a (3.1.9a)
\pgfsyssoftpath@smallbuffer@items=\count307
\pgfsyssoftpath@bigbuffer@items=\count308
)
(/usr/local/texlive/2021/texmf-dist/tex/generic/pgf/systemlayer/pgfsysprotocol.
code.tex
File: pgfsysprotocol.code.tex 2021/05/15 v3.1.9a (3.1.9a)
)) (/usr/local/texlive/2021/texmf-dist/tex/latex/xcolor/xcolor.sty
Package: xcolor 2016/05/11 v2.12 LaTeX color extensions (UK)

(/usr/local/texlive/2021/texmf-dist/tex/latex/graphics-cfg/color.cfg
File: color.cfg 2016/01/02 v1.6 sample color configuration
)
Package xcolor Info: Driver file: pdftex.def on input line 225.
LaTeX Info: Redefining \color on input line 709.
Package xcolor Info: Model `cmy' substituted by `cmy0' on input line 1348.
Package xcolor Info: Model `hsb' substituted by `rgb' on input line 1352.
Package xcolor Info: Model `RGB' extended on input line 1364.
Package xcolor Info: Model `HTML' substituted by `rgb' on input line 1366.
Package xcolor Info: Model `Hsb' substituted by `hsb' on input line 1367.
Package xcolor Info: Model `tHsb' substituted by `hsb' on input line 1368.
Package xcolor Info: Model `HSB' substituted by `hsb' on input line 1369.
Package xcolor Info: Model `Gray' substituted by `gray' on input line 1370.
Package xcolor Info: Model `wave' substituted by `hsb' on input line 1371.
)
(/usr/local/texlive/2021/texmf-dist/tex/generic/pgf/basiclayer/pgfcore.code.tex
Package: pgfcore 2021/05/15 v3.1.9a (3.1.9a)
(/usr/local/texlive/2021/texmf-dist/tex/generic/pgf/math/pgfmath.code.tex)
(/usr/local/texlive/2021/texmf-dist/tex/generic/pgf/math/pgfint.code.tex)
(/usr/local/texlive/2021/texmf-dist/tex/generic/pgf/basiclayer/pgfcorepoints.co
de.tex
File: pgfcorepoints.code.tex 2021/05/15 v3.1.9a (3.1.9a)
\pgf@picminx=\dimen265
\pgf@picmaxx=\dimen266
\pgf@picminy=\dimen267
\pgf@picmaxy=\dimen268
\pgf@pathminx=\dimen269
\pgf@pathmaxx=\dimen270
\pgf@pathminy=\dimen271
\pgf@pathmaxy=\dimen272
\pgf@xx=\dimen273
\pgf@xy=\dimen274
\pgf@yx=\dimen275
\pgf@yy=\dimen276
\pgf@zx=\dimen277
\pgf@zy=\dimen278
)
(/usr/local/texlive/2021/texmf-dist/tex/generic/pgf/basiclayer/pgfcorepathconst
ruct.code.tex
File: pgfcorepathconstruct.code.tex 2021/05/15 v3.1.9a (3.1.9a)
\pgf@path@lastx=\dimen279
\pgf@path@lasty=\dimen280
)
(/usr/local/texlive/2021/texmf-dist/tex/generic/pgf/basiclayer/pgfcorepathusage
.code.tex
File: pgfcorepathusage.code.tex 2021/05/15 v3.1.9a (3.1.9a)
\pgf@shorten@end@additional=\dimen281
\pgf@shorten@start@additional=\dimen282
)
(/usr/local/texlive/2021/texmf-dist/tex/generic/pgf/basiclayer/pgfcorescopes.co
de.tex
File: pgfcorescopes.code.tex 2021/05/15 v3.1.9a (3.1.9a)
\pgfpic=\box65
\pgf@hbox=\box66
\pgf@layerbox@main=\box67
\pgf@picture@serial@count=\count309
)
(/usr/local/texlive/2021/texmf-dist/tex/generic/pgf/basiclayer/pgfcoregraphicst
ate.code.tex
File: pgfcoregraphicstate.code.tex 2021/05/15 v3.1.9a (3.1.9a)
\pgflinewidth=\dimen283
)
(/usr/local/texlive/2021/texmf-dist/tex/generic/pgf/basiclayer/pgfcoretransform
ations.code.tex
File: pgfcoretransformations.code.tex 2021/05/15 v3.1.9a (3.1.9a)
\pgf@pt@x=\dimen284
\pgf@pt@y=\dimen285
\pgf@pt@temp=\dimen286
)
(/usr/local/texlive/2021/texmf-dist/tex/generic/pgf/basiclayer/pgfcorequick.cod
e.tex
File: pgfcorequick.code.tex 2021/05/15 v3.1.9a (3.1.9a)
)
(/usr/local/texlive/2021/texmf-dist/tex/generic/pgf/basiclayer/pgfcoreobjects.c
ode.tex
File: pgfcoreobjects.code.tex 2021/05/15 v3.1.9a (3.1.9a)
)
(/usr/local/texlive/2021/texmf-dist/tex/generic/pgf/basiclayer/pgfcorepathproce
ssing.code.tex
File: pgfcorepathprocessing.code.tex 2021/05/15 v3.1.9a (3.1.9a)
)
(/usr/local/texlive/2021/texmf-dist/tex/generic/pgf/basiclayer/pgfcorearrows.co
de.tex
File: pgfcorearrows.code.tex 2021/05/15 v3.1.9a (3.1.9a)
\pgfarrowsep=\dimen287
)
(/usr/local/texlive/2021/texmf-dist/tex/generic/pgf/basiclayer/pgfcoreshade.cod
e.tex
File: pgfcoreshade.code.tex 2021/05/15 v3.1.9a (3.1.9a)
\pgf@max=\dimen288
\pgf@sys@shading@range@num=\count310
\pgf@shadingcount=\count311
)
(/usr/local/texlive/2021/texmf-dist/tex/generic/pgf/basiclayer/pgfcoreimage.cod
e.tex
File: pgfcoreimage.code.tex 2021/05/15 v3.1.9a (3.1.9a)

(/usr/local/texlive/2021/texmf-dist/tex/generic/pgf/basiclayer/pgfcoreexternal.
code.tex
File: pgfcoreexternal.code.tex 2021/05/15 v3.1.9a (3.1.9a)
\pgfexternal@startupbox=\box68
))
(/usr/local/texlive/2021/texmf-dist/tex/generic/pgf/basiclayer/pgfcorelayers.co
de.tex
File: pgfcorelayers.code.tex 2021/05/15 v3.1.9a (3.1.9a)
)
(/usr/local/texlive/2021/texmf-dist/tex/generic/pgf/basiclayer/pgfcoretranspare
ncy.code.tex
File: pgfcoretransparency.code.tex 2021/05/15 v3.1.9a (3.1.9a)
)
(/usr/local/texlive/2021/texmf-dist/tex/generic/pgf/basiclayer/pgfcorepatterns.
code.tex
File: pgfcorepatterns.code.tex 2021/05/15 v3.1.9a (3.1.9a)
)
(/usr/local/texlive/2021/texmf-dist/tex/generic/pgf/basiclayer/pgfcorerdf.code.
tex
File: pgfcorerdf.code.tex 2021/05/15 v3.1.9a (3.1.9a)
)))
(/usr/local/texlive/2021/texmf-dist/tex/generic/pgf/modules/pgfmoduleshapes.cod
e.tex
File: pgfmoduleshapes.code.tex 2021/05/15 v3.1.9a (3.1.9a)
\pgfnodeparttextbox=\box69
)
(/usr/local/texlive/2021/texmf-dist/tex/generic/pgf/modules/pgfmoduleplot.code.
tex
File: pgfmoduleplot.code.tex 2021/05/15 v3.1.9a (3.1.9a)
)
(/usr/local/texlive/2021/texmf-dist/tex/latex/pgf/compatibility/pgfcomp-version
-0-65.sty
Package: pgfcomp-version-0-65 2021/05/15 v3.1.9a (3.1.9a)
\pgf@nodesepstart=\dimen289
\pgf@nodesepend=\dimen290
)
(/usr/local/texlive/2021/texmf-dist/tex/latex/pgf/compatibility/pgfcomp-version
-1-18.sty
Package: pgfcomp-version-1-18 2021/05/15 v3.1.9a (3.1.9a)
))
(/usr/local/texlive/2021/texmf-dist/tex/generic/pgf/frontendlayer/tikz/tikz.cod
e.tex
Package: tikz 2021/05/15 v3.1.9a (3.1.9a)

(/usr/local/texlive/2021/texmf-dist/tex/generic/pgf/libraries/pgflibraryplothan
dlers.code.tex
File: pgflibraryplothandlers.code.tex 2021/05/15 v3.1.9a (3.1.9a)
\pgf@plot@mark@count=\count312
\pgfplotmarksize=\dimen291
)
\tikz@lastx=\dimen292
\tikz@lasty=\dimen293
\tikz@lastxsaved=\dimen294
\tikz@lastysaved=\dimen295
\tikz@lastmovetox=\dimen296
\tikz@lastmovetoy=\dimen297
\tikzleveldistance=\dimen298
\tikzsiblingdistance=\dimen299
\tikz@figbox=\box70
\tikz@figbox@bg=\box71
\tikz@tempbox=\box72
\tikz@tempbox@bg=\box73
\tikztreelevel=\count313
\tikznumberofchildren=\count314
\tikznumberofcurrentchild=\count315
\tikz@fig@count=\count316

(/usr/local/texlive/2021/texmf-dist/tex/generic/pgf/modules/pgfmodulematrix.cod
e.tex
File: pgfmodulematrix.code.tex 2021/05/15 v3.1.9a (3.1.9a)
\pgfmatrixcurrentrow=\count317
\pgfmatrixcurrentcolumn=\count318
\pgf@matrix@numberofcolumns=\count319
)
\tikz@expandcount=\count320

(/usr/local/texlive/2021/texmf-dist/tex/generic/pgf/frontendlayer/tikz/librarie
s/tikzlibrarytopaths.code.tex
File: tikzlibrarytopaths.code.tex 2021/05/15 v3.1.9a (3.1.9a)
)))
(/usr/local/texlive/2021/texmf-dist/tex/latex/xpatch/xpatch.sty
Package: xpatch 2020/03/25 v0.3a Extending etoolbox patching commands
)
(/usr/local/texlive/2021/texmf-dist/tex/latex/units/nicefrac.sty
Package: nicefrac 1998/08/04 v0.9b Nice fractions
\L@UnitsRaiseDisplaystyle=\skip85
\L@UnitsRaiseTextstyle=\skip86
\L@UnitsRaiseScriptstyle=\skip87
)
(/usr/local/texlive/2021/texmf-dist/tex/latex/pdfpages/pdfpages.sty
Package: pdfpages 2021/03/06 v0.5t Insert pages of external PDF documents (AM)

(/usr/local/texlive/2021/texmf-dist/tex/latex/eso-pic/eso-pic.sty
Package: eso-pic 2020/10/14 v3.0a eso-pic (RN)
\ESO@tempdima=\dimen300
\ESO@tempdimb=\dimen301
)
\AM@pagewidth=\dimen302
\AM@pageheight=\dimen303
\AM@fboxrule=\dimen304

(/usr/local/texlive/2021/texmf-dist/tex/latex/pdfpages/pppdftex.def
File: pppdftex.def 2021/03/06 v0.5t Pdfpages driver for pdfTeX (AM)
)
\pdfpages@includegraphics@status=\count321
\AM@pagebox=\box74
\AM@global@opts=\toks43
\AM@pagecnt=\count322
\AM@toc@title=\toks44
\c@AM@survey=\count323
\AM@templatesizebox=\box75
)
(/usr/local/texlive/2021/texmf-dist/tex/latex/csquotes/csquotes.sty
Package: csquotes 2021-02-22 v5.2l context-sensitive quotations (JAW)
\csq@reset=\count324
\csq@gtype=\count325
\csq@glevel=\count326
\csq@qlevel=\count327
\csq@maxlvl=\count328
\csq@tshold=\count329
\csq@ltx@everypar=\toks45

(/usr/local/texlive/2021/texmf-dist/tex/latex/csquotes/csquotes.def
File: csquotes.def 2021-02-22 v5.2l csquotes generic definitions (JAW)
)
Package csquotes Info: Trying to load configuration file 'csquotes.cfg'...
Package csquotes Info: ... configuration file loaded successfully.

(/usr/local/texlive/2021/texmf-dist/tex/latex/csquotes/csquotes.cfg
File: csquotes.cfg 
))
(/usr/local/texlive/2021/texmf-dist/tex/latex/appendix/appendix.sty
Package: appendix 2020/02/08 v1.2c extra appendix facilities
\c@@pps=\count330
\c@@ppsavesec=\count331
\c@@ppsaveapp=\count332
)
(/usr/local/texlive/2021/texmf-dist/tex/latex/tcolorbox/tcolorbox.sty
Package: tcolorbox 2021/06/14 version 4.51 text color boxes

(/usr/local/texlive/2021/texmf-dist/tex/latex/tools/verbatim.sty
Package: verbatim 2020-07-07 v1.5u LaTeX2e package for verbatim enhancements
\every@verbatim=\toks46
\verbatim@line=\toks47
\verbatim@in@stream=\read3
)
(/usr/local/texlive/2021/texmf-dist/tex/latex/environ/environ.sty
Package: environ 2014/05/04 v0.3 A new way to define environments

(/usr/local/texlive/2021/texmf-dist/tex/latex/trimspaces/trimspaces.sty
Package: trimspaces 2009/09/17 v1.1 Trim spaces around a token list
))
\tcb@titlebox=\box76
\tcb@upperbox=\box77
\tcb@lowerbox=\box78
\tcb@phantombox=\box79
\c@tcbbreakpart=\count333
\c@tcblayer=\count334
\c@tcolorbox@number=\count335
\tcb@temp=\box80
\tcb@temp=\box81
\tcb@temp=\box82
\tcb@temp=\box83

(/usr/local/texlive/2021/texmf-dist/tex/latex/tcolorbox/tcbraster.code.tex
Library (tcolorbox): 'tcbraster.code.tex' version '4.51'
\c@tcbrastercolumn=\count336
\c@tcbrasterrow=\count337
\c@tcbrasternum=\count338
\c@tcbraster=\count339
) (/usr/local/texlive/2021/texmf-dist/tex/latex/tcolorbox/tcbskins.code.tex
Library (tcolorbox): 'tcbskins.code.tex' version '4.51'
\tcb@waterbox=\box84

(/usr/local/texlive/2021/texmf-dist/tex/latex/tcolorbox/tcbskinsjigsaw.code.tex
Library (tcolorbox): 'tcbskinsjigsaw.code.tex' version '4.51'
))
(/usr/local/texlive/2021/texmf-dist/tex/latex/tcolorbox/tcbbreakable.code.tex
Library (tcolorbox): 'tcbbreakable.code.tex' version '4.51'
(/usr/local/texlive/2021/texmf-dist/tex/generic/oberdiek/pdfcol.sty
Package: pdfcol 2019/12/29 v1.6 Handle new color stacks for pdfTeX (HO)
)
Package pdfcol Info: New color stack `tcb@breakable' = 1 on input line 23.
\tcb@testbox=\box85
\tcb@totalupperbox=\box86
\tcb@totallowerbox=\box87
)
(/usr/local/texlive/2021/texmf-dist/tex/latex/tcolorbox/tcbhooks.code.tex
Library (tcolorbox): 'tcbhooks.code.tex' version '4.51'
) (/usr/local/texlive/2021/texmf-dist/tex/latex/tcolorbox/tcbtheorems.code.tex
Library (tcolorbox): 'tcbtheorems.code.tex' version '4.51'
) (/usr/local/texlive/2021/texmf-dist/tex/latex/tcolorbox/tcbfitting.code.tex
Library (tcolorbox): 'tcbfitting.code.tex' version '4.51'
\tcbfitdim=\dimen305
\tcb@lowerfitdim=\dimen306
\tcb@upperfitdim=\dimen307
\tcb@cur@hbadness=\count340
) (/usr/local/texlive/2021/texmf-dist/tex/latex/tcolorbox/tcbxparse.code.tex
Library (tcolorbox): 'tcbxparse.code.tex' version '4.51'
)
(/usr/local/texlive/2021/texmf-dist/tex/latex/tcolorbox/tcblistingsutf8.code.te
x
Library (tcolorbox): 'tcblistingsutf8.code.tex' version '4.51'
(/usr/local/texlive/2021/texmf-dist/tex/latex/tcolorbox/tcblistings.code.tex
Library (tcolorbox): 'tcblistings.code.tex' version '4.51'
(/usr/local/texlive/2021/texmf-dist/tex/latex/listings/listings.sty
\lst@mode=\count341
\lst@gtempboxa=\box88
\lst@token=\toks48
\lst@length=\count342
\lst@currlwidth=\dimen308
\lst@column=\count343
\lst@pos=\count344
\lst@lostspace=\dimen309
\lst@width=\dimen310
\lst@newlines=\count345
\lst@lineno=\count346
\lst@maxwidth=\dimen311

(/usr/local/texlive/2021/texmf-dist/tex/latex/listings/lstmisc.sty
File: lstmisc.sty 2020/03/24 1.8d (Carsten Heinz)
\c@lstnumber=\count347
\lst@skipnumbers=\count348
\lst@framebox=\box89
)
(/usr/local/texlive/2021/texmf-dist/tex/latex/listings/listings.cfg
File: listings.cfg 2020/03/24 1.8d listings configuration
))
Package: listings 2020/03/24 1.8d (Carsten Heinz)

(/usr/local/texlive/2021/texmf-dist/tex/latex/tcolorbox/tcblistingscore.code.te
x
Library (tcolorbox): 'tcblistingscore.code.tex' version '4.51'
(/usr/local/texlive/2021/texmf-dist/tex/latex/tcolorbox/tcbprocessing.code.tex
Library (tcolorbox): 'tcbprocessing.code.tex' version '4.51'
(/usr/local/texlive/2021/texmf-dist/tex/latex/tools/shellesc.sty
Package: shellesc 2019/11/08 v1.0c unified shell escape interface for LaTeX
Package shellesc Info: Unrestricted shell escape enabled on input line 75.
))
\c@tcblisting=\count349
))
(/usr/local/texlive/2021/texmf-dist/tex/latex/listingsutf8/listingsutf8.sty
Package: listingsutf8 2019-12-10 v1.5 Allow UTF-8 in listings input (HO)

(/usr/local/texlive/2021/texmf-dist/tex/generic/stringenc/stringenc.sty
Package: stringenc 2019/11/29 v1.12 Convert strings between diff. encodings (HO
)

(/usr/local/texlive/2021/texmf-dist/tex/generic/pdfescape/pdfescape.sty
Package: pdfescape 2019/12/09 v1.15 Implements pdfTeX's escape features (HO)
))))
(/usr/local/texlive/2021/texmf-dist/tex/latex/tcolorbox/tcbexternal.code.tex
Library (tcolorbox): 'tcbexternal.code.tex' version '4.51'
) (/usr/local/texlive/2021/texmf-dist/tex/latex/tcolorbox/tcbmagazine.code.tex
Library (tcolorbox): 'tcbmagazine.code.tex' version '4.51'
) (/usr/local/texlive/2021/texmf-dist/tex/latex/tcolorbox/tcbvignette.code.tex
Library (tcolorbox): 'tcbvignette.code.tex' version '4.51'

(/usr/local/texlive/2021/texmf-dist/tex/generic/pgf/frontendlayer/tikz/librarie
s/tikzlibraryfadings.code.tex
File: tikzlibraryfadings.code.tex 2021/05/15 v3.1.9a (3.1.9a)

(/usr/local/texlive/2021/texmf-dist/tex/generic/pgf/libraries/pgflibraryfadings
.code.tex
File: pgflibraryfadings.code.tex 2021/05/15 v3.1.9a (3.1.9a)
)))
(/usr/local/texlive/2021/texmf-dist/tex/latex/tcolorbox/tcbposter.code.tex
Library (tcolorbox): 'tcbposter.code.tex' version '4.51'
)) (/usr/local/texlive/2021/texmf-dist/tex/latex/listing/listing.sty
Package: listing 1999/05/25

Package `listing', V1.2, <1999/05/25>
\c@listing=\count350
) (/usr/local/texlive/2021/texmf-dist/tex/latex/minted/minted.sty
Package: minted 2017/07/19 v2.5 Yet another Pygments shim for LaTeX

(/usr/local/texlive/2021/texmf-dist/tex/latex/kvoptions/kvoptions.sty
Package: kvoptions 2020-10-07 v3.14 Key value format for package options (HO)

(/usr/local/texlive/2021/texmf-dist/tex/generic/kvsetkeys/kvsetkeys.sty
Package: kvsetkeys 2019/12/15 v1.18 Key value parser (HO)
))
(/usr/local/texlive/2021/texmf-dist/tex/latex/fvextra/fvextra.sty
Package: fvextra 2019/02/04 v1.4 fvextra - extensions and patches for fancyvrb

(/usr/local/texlive/2021/texmf-dist/tex/latex/fancyvrb/fancyvrb.sty
Package: fancyvrb 2021/01/20 v3.7 verbatim text (tvz,hv)
\FV@CodeLineNo=\count351
\FV@InFile=\read4
\FV@TabBox=\box90
\c@FancyVerbLine=\count352
\FV@StepNumber=\count353
\FV@OutFile=\write4
)
(/usr/local/texlive/2021/texmf-dist/tex/latex/upquote/upquote.sty
Package: upquote 2012/04/19 v1.3 upright-quote and grave-accent glyphs in verba
tim

(/usr/local/texlive/2021/texmf-dist/tex/latex/base/textcomp.sty
Package: textcomp 2020/02/02 v2.0n Standard LaTeX package
))
(/usr/local/texlive/2021/texmf-dist/tex/latex/lineno/lineno.sty
Package: lineno 2005/11/02 line numbers on paragraphs v4.41
\linenopenalty=\count354
\output=\toks49
\linenoprevgraf=\count355
\linenumbersep=\dimen312
\linenumberwidth=\dimen313
\c@linenumber=\count356
\c@pagewiselinenumber=\count357
\c@LN@truepage=\count358
\c@internallinenumber=\count359
\c@internallinenumbers=\count360
\quotelinenumbersep=\dimen314
\bframerule=\dimen315
\bframesep=\dimen316
\bframebox=\box91


LaTeX Warning: Command \@parboxrestore  has changed.
               Check if current package is valid.

LaTeX Info: Redefining \\ on input line 3056.
)

Package fvextra Warning: csquotes should be loaded after fvextra, to avoid a wa
rning from the lineno package on input line 37.

\c@FV@TrueTabGroupLevel=\count361
\c@FV@TrueTabCounter=\count362
\FV@TabBox@Group=\box92
\FV@TmpLength=\skip88
\c@FV@HighlightLinesStart=\count363
\c@FV@HighlightLinesStop=\count364
\FV@LoopCount=\count365
\FV@NCharsBox=\box93
\FV@BreakIndent=\dimen317
\FV@BreakIndentNChars=\count366
\FV@BreakSymbolSepLeft=\dimen318
\FV@BreakSymbolSepLeftNChars=\count367
\FV@BreakSymbolSepRight=\dimen319
\FV@BreakSymbolSepRightNChars=\count368
\FV@BreakSymbolIndentLeft=\dimen320
\FV@BreakSymbolIndentLeftNChars=\count369
\FV@BreakSymbolIndentRight=\dimen321
\FV@BreakSymbolIndentRightNChars=\count370
\c@FancyVerbLineBreakLast=\count371
\FV@LineBox=\box94
\FV@LineIndentBox=\box95
\FV@LineWidth=\dimen322
) (/usr/local/texlive/2021/texmf-dist/tex/latex/ifplatform/ifplatform.sty
Package: ifplatform 2017/10/13 v0.4a Testing for the operating system

(/usr/local/texlive/2021/texmf-dist/tex/generic/catchfile/catchfile.sty
Package: catchfile 2019/12/09 v1.8 Catch the contents of a file (HO)

(/usr/local/texlive/2021/texmf-dist/tex/generic/etexcmds/etexcmds.sty
Package: etexcmds 2019/12/15 v1.7 Avoid name clashes with e-TeX commands (HO)
))
(/usr/local/texlive/2021/texmf-dist/tex/generic/iftex/ifluatex.sty
Package: ifluatex 2019/10/25 v1.5 ifluatex legacy package. Use iftex instead.
)
runsystem(uname -s > "main.w18")...executed.

 (./main.w18)
runsystem(rm -- "main.w18")...executed.

) (/usr/local/texlive/2021/texmf-dist/tex/generic/xstring/xstring.sty
(/usr/local/texlive/2021/texmf-dist/tex/generic/xstring/xstring.tex
\integerpart=\count372
\decimalpart=\count373
)
Package: xstring 2019/02/06 v1.83 String manipulations (CT)
)
(/usr/local/texlive/2021/texmf-dist/tex/latex/framed/framed.sty
Package: framed 2011/10/22 v 0.96: framed or shaded text with page breaks
\OuterFrameSep=\skip89
\fb@frw=\dimen323
\fb@frh=\dimen324
\FrameRule=\dimen325
\FrameSep=\dimen326
)
(/usr/local/texlive/2021/texmf-dist/tex/latex/float/float.sty
Package: float 2001/11/08 v1.3d Float enhancements (AL)
\c@float@type=\count374
\float@exts=\toks50
\float@box=\box96
\@float@everytoks=\toks51
\@floatcapt=\box97
)
\minted@appexistsfile=\read5
\minted@bgbox=\box98
\minted@code=\write5
\c@minted@FancyVerbLineTemp=\count375
\c@minted@pygmentizecounter=\count376
\@float@every@listing=\toks52
)
runsystem(mkdir -p _minted-main)...executed.


(/usr/local/texlive/2021/texmf-dist/tex/generic/babel/babel.sty
Package: babel 2021/06/02 3.60 The Babel package

(/usr/local/texlive/2021/texmf-dist/tex/generic/babel/babel.def
File: babel.def 2021/06/02 3.60 Babel common definitions
\babel@savecnt=\count377
\U@D=\dimen327
\l@unhyphenated=\language87

(/usr/local/texlive/2021/texmf-dist/tex/generic/babel/txtbabel.def)
\bbl@readstream=\read6
)
\bbl@dirlevel=\count378

(/usr/local/texlive/2021/texmf-dist/tex/generic/babel-greek/greek.ldf
Language: greek 2020/11/10 v1.10 Greek support for the babel system
\bbl@monogreek=\count379
\bbl@polygreek=\count380
\bbl@ancientgreek=\count381

(/usr/local/texlive/2021/texmf-dist/tex/latex/greek-fontenc/lgrenc.def
File: lgrenc.def 2020/10/13 2.0 LGR Greek font encoding definitions
Now handling font encoding LGR ...
... processing UTF-8 mapping file for font encoding LGR

(/usr/local/texlive/2021/texmf-dist/tex/latex/greek-inputenc/lgrenc.dfu
File: lgrenc.dfu 2019/07/11 1.7 UTF-8 support for Greek
   defining Unicode char U+00A8 (decimal 168)
   defining Unicode char U+00AB (decimal 171)
   defining Unicode char U+00AF (decimal 175)
   defining Unicode char U+00B4 (decimal 180)
   defining Unicode char U+00B7 (decimal 183)
   defining Unicode char U+00BB (decimal 187)
   defining Unicode char U+0259 (decimal 601)
   defining Unicode char U+02D8 (decimal 728)
   defining Unicode char U+0374 (decimal 884)
   defining Unicode char U+0375 (decimal 885)
   defining Unicode char U+037A (decimal 890)
   defining Unicode char U+037E (decimal 894)
   defining Unicode char U+0384 (decimal 900)
   defining Unicode char U+0385 (decimal 901)
   defining Unicode char U+0386 (decimal 902)
   defining Unicode char U+0387 (decimal 903)
   defining Unicode char U+0388 (decimal 904)
   defining Unicode char U+0389 (decimal 905)
   defining Unicode char U+038A (decimal 906)
   defining Unicode char U+038C (decimal 908)
   defining Unicode char U+038E (decimal 910)
   defining Unicode char U+038F (decimal 911)
   defining Unicode char U+0390 (decimal 912)
   defining Unicode char U+0391 (decimal 913)
   defining Unicode char U+0392 (decimal 914)
   defining Unicode char U+0393 (decimal 915)
   defining Unicode char U+0394 (decimal 916)
   defining Unicode char U+0395 (decimal 917)
   defining Unicode char U+0396 (decimal 918)
   defining Unicode char U+0397 (decimal 919)
   defining Unicode char U+0398 (decimal 920)
   defining Unicode char U+0399 (decimal 921)
   defining Unicode char U+039A (decimal 922)
   defining Unicode char U+039B (decimal 923)
   defining Unicode char U+039C (decimal 924)
   defining Unicode char U+039D (decimal 925)
   defining Unicode char U+039E (decimal 926)
   defining Unicode char U+039F (decimal 927)
   defining Unicode char U+03A0 (decimal 928)
   defining Unicode char U+03A1 (decimal 929)
   defining Unicode char U+03A3 (decimal 931)
   defining Unicode char U+03A4 (decimal 932)
   defining Unicode char U+03A5 (decimal 933)
   defining Unicode char U+03A6 (decimal 934)
   defining Unicode char U+03A7 (decimal 935)
   defining Unicode char U+03A8 (decimal 936)
   defining Unicode char U+03A9 (decimal 937)
   defining Unicode char U+03AA (decimal 938)
   defining Unicode char U+03AB (decimal 939)
   defining Unicode char U+03AC (decimal 940)
   defining Unicode char U+03AD (decimal 941)
   defining Unicode char U+03AE (decimal 942)
   defining Unicode char U+03AF (decimal 943)
   defining Unicode char U+03B0 (decimal 944)
   defining Unicode char U+03B1 (decimal 945)
   defining Unicode char U+03B2 (decimal 946)
   defining Unicode char U+03B3 (decimal 947)
   defining Unicode char U+03B4 (decimal 948)
   defining Unicode char U+03B5 (decimal 949)
   defining Unicode char U+03B6 (decimal 950)
   defining Unicode char U+03B7 (decimal 951)
   defining Unicode char U+03B8 (decimal 952)
   defining Unicode char U+03B9 (decimal 953)
   defining Unicode char U+03BA (decimal 954)
   defining Unicode char U+03BB (decimal 955)
   defining Unicode char U+03BC (decimal 956)
   defining Unicode char U+03BD (decimal 957)
   defining Unicode char U+03BE (decimal 958)
   defining Unicode char U+03BF (decimal 959)
   defining Unicode char U+03C0 (decimal 960)
   defining Unicode char U+03C1 (decimal 961)
   defining Unicode char U+03C2 (decimal 962)
   defining Unicode char U+03C3 (decimal 963)
   defining Unicode char U+03C4 (decimal 964)
   defining Unicode char U+03C5 (decimal 965)
   defining Unicode char U+03C6 (decimal 966)
   defining Unicode char U+03C7 (decimal 967)
   defining Unicode char U+03C8 (decimal 968)
   defining Unicode char U+03C9 (decimal 969)
   defining Unicode char U+03CA (decimal 970)
   defining Unicode char U+03CB (decimal 971)
   defining Unicode char U+03CC (decimal 972)
   defining Unicode char U+03CD (decimal 973)
   defining Unicode char U+03CE (decimal 974)
   defining Unicode char U+03D0 (decimal 976)
   defining Unicode char U+03D1 (decimal 977)
   defining Unicode char U+03D5 (decimal 981)
   defining Unicode char U+03D6 (decimal 982)
   defining Unicode char U+03D8 (decimal 984)
   defining Unicode char U+03D9 (decimal 985)
   defining Unicode char U+03DA (decimal 986)
   defining Unicode char U+03DB (decimal 987)
   defining Unicode char U+03DC (decimal 988)
   defining Unicode char U+03DD (decimal 989)
   defining Unicode char U+03DF (decimal 991)
   defining Unicode char U+03E0 (decimal 992)
   defining Unicode char U+03E1 (decimal 993)
   defining Unicode char U+03F0 (decimal 1008)
   defining Unicode char U+03F1 (decimal 1009)
   defining Unicode char U+03F4 (decimal 1012)
   defining Unicode char U+03F5 (decimal 1013)
   defining Unicode char U+1F00 (decimal 7936)
   defining Unicode char U+1F01 (decimal 7937)
   defining Unicode char U+1F02 (decimal 7938)
   defining Unicode char U+1F03 (decimal 7939)
   defining Unicode char U+1F04 (decimal 7940)
   defining Unicode char U+1F05 (decimal 7941)
   defining Unicode char U+1F06 (decimal 7942)
   defining Unicode char U+1F07 (decimal 7943)
   defining Unicode char U+1F08 (decimal 7944)
   defining Unicode char U+1F09 (decimal 7945)
   defining Unicode char U+1F0A (decimal 7946)
   defining Unicode char U+1F0B (decimal 7947)
   defining Unicode char U+1F0C (decimal 7948)
   defining Unicode char U+1F0D (decimal 7949)
   defining Unicode char U+1F0E (decimal 7950)
   defining Unicode char U+1F0F (decimal 7951)
   defining Unicode char U+1F10 (decimal 7952)
   defining Unicode char U+1F11 (decimal 7953)
   defining Unicode char U+1F12 (decimal 7954)
   defining Unicode char U+1F13 (decimal 7955)
   defining Unicode char U+1F14 (decimal 7956)
   defining Unicode char U+1F15 (decimal 7957)
   defining Unicode char U+1F18 (decimal 7960)
   defining Unicode char U+1F19 (decimal 7961)
   defining Unicode char U+1F1A (decimal 7962)
   defining Unicode char U+1F1B (decimal 7963)
   defining Unicode char U+1F1C (decimal 7964)
   defining Unicode char U+1F1D (decimal 7965)
   defining Unicode char U+1F20 (decimal 7968)
   defining Unicode char U+1F21 (decimal 7969)
   defining Unicode char U+1F22 (decimal 7970)
   defining Unicode char U+1F23 (decimal 7971)
   defining Unicode char U+1F24 (decimal 7972)
   defining Unicode char U+1F25 (decimal 7973)
   defining Unicode char U+1F26 (decimal 7974)
   defining Unicode char U+1F27 (decimal 7975)
   defining Unicode char U+1F28 (decimal 7976)
   defining Unicode char U+1F29 (decimal 7977)
   defining Unicode char U+1F2A (decimal 7978)
   defining Unicode char U+1F2B (decimal 7979)
   defining Unicode char U+1F2C (decimal 7980)
   defining Unicode char U+1F2D (decimal 7981)
   defining Unicode char U+1F2E (decimal 7982)
   defining Unicode char U+1F2F (decimal 7983)
   defining Unicode char U+1F30 (decimal 7984)
   defining Unicode char U+1F31 (decimal 7985)
   defining Unicode char U+1F32 (decimal 7986)
   defining Unicode char U+1F33 (decimal 7987)
   defining Unicode char U+1F34 (decimal 7988)
   defining Unicode char U+1F35 (decimal 7989)
   defining Unicode char U+1F36 (decimal 7990)
   defining Unicode char U+1F37 (decimal 7991)
   defining Unicode char U+1F38 (decimal 7992)
   defining Unicode char U+1F39 (decimal 7993)
   defining Unicode char U+1F3A (decimal 7994)
   defining Unicode char U+1F3B (decimal 7995)
   defining Unicode char U+1F3C (decimal 7996)
   defining Unicode char U+1F3D (decimal 7997)
   defining Unicode char U+1F3E (decimal 7998)
   defining Unicode char U+1F3F (decimal 7999)
   defining Unicode char U+1F40 (decimal 8000)
   defining Unicode char U+1F41 (decimal 8001)
   defining Unicode char U+1F42 (decimal 8002)
   defining Unicode char U+1F43 (decimal 8003)
   defining Unicode char U+1F44 (decimal 8004)
   defining Unicode char U+1F45 (decimal 8005)
   defining Unicode char U+1F48 (decimal 8008)
   defining Unicode char U+1F49 (decimal 8009)
   defining Unicode char U+1F4A (decimal 8010)
   defining Unicode char U+1F4B (decimal 8011)
   defining Unicode char U+1F4C (decimal 8012)
   defining Unicode char U+1F4D (decimal 8013)
   defining Unicode char U+1F50 (decimal 8016)
   defining Unicode char U+1F51 (decimal 8017)
   defining Unicode char U+1F52 (decimal 8018)
   defining Unicode char U+1F53 (decimal 8019)
   defining Unicode char U+1F54 (decimal 8020)
   defining Unicode char U+1F55 (decimal 8021)
   defining Unicode char U+1F56 (decimal 8022)
   defining Unicode char U+1F57 (decimal 8023)
   defining Unicode char U+1F59 (decimal 8025)
   defining Unicode char U+1F5B (decimal 8027)
   defining Unicode char U+1F5D (decimal 8029)
   defining Unicode char U+1F5F (decimal 8031)
   defining Unicode char U+1F60 (decimal 8032)
   defining Unicode char U+1F61 (decimal 8033)
   defining Unicode char U+1F62 (decimal 8034)
   defining Unicode char U+1F63 (decimal 8035)
   defining Unicode char U+1F64 (decimal 8036)
   defining Unicode char U+1F65 (decimal 8037)
   defining Unicode char U+1F66 (decimal 8038)
   defining Unicode char U+1F67 (decimal 8039)
   defining Unicode char U+1F68 (decimal 8040)
   defining Unicode char U+1F69 (decimal 8041)
   defining Unicode char U+1F6A (decimal 8042)
   defining Unicode char U+1F6B (decimal 8043)
   defining Unicode char U+1F6C (decimal 8044)
   defining Unicode char U+1F6D (decimal 8045)
   defining Unicode char U+1F6E (decimal 8046)
   defining Unicode char U+1F6F (decimal 8047)
   defining Unicode char U+1F70 (decimal 8048)
   defining Unicode char U+1F71 (decimal 8049)
   defining Unicode char U+1F72 (decimal 8050)
   defining Unicode char U+1F73 (decimal 8051)
   defining Unicode char U+1F74 (decimal 8052)
   defining Unicode char U+1F75 (decimal 8053)
   defining Unicode char U+1F76 (decimal 8054)
   defining Unicode char U+1F77 (decimal 8055)
   defining Unicode char U+1F78 (decimal 8056)
   defining Unicode char U+1F79 (decimal 8057)
   defining Unicode char U+1F7A (decimal 8058)
   defining Unicode char U+1F7B (decimal 8059)
   defining Unicode char U+1F7C (decimal 8060)
   defining Unicode char U+1F7D (decimal 8061)
   defining Unicode char U+1F80 (decimal 8064)
   defining Unicode char U+1F81 (decimal 8065)
   defining Unicode char U+1F82 (decimal 8066)
   defining Unicode char U+1F83 (decimal 8067)
   defining Unicode char U+1F84 (decimal 8068)
   defining Unicode char U+1F85 (decimal 8069)
   defining Unicode char U+1F86 (decimal 8070)
   defining Unicode char U+1F87 (decimal 8071)
   defining Unicode char U+1F88 (decimal 8072)
   defining Unicode char U+1F89 (decimal 8073)
   defining Unicode char U+1F8A (decimal 8074)
   defining Unicode char U+1F8B (decimal 8075)
   defining Unicode char U+1F8C (decimal 8076)
   defining Unicode char U+1F8D (decimal 8077)
   defining Unicode char U+1F8E (decimal 8078)
   defining Unicode char U+1F8F (decimal 8079)
   defining Unicode char U+1F90 (decimal 8080)
   defining Unicode char U+1F91 (decimal 8081)
   defining Unicode char U+1F92 (decimal 8082)
   defining Unicode char U+1F93 (decimal 8083)
   defining Unicode char U+1F94 (decimal 8084)
   defining Unicode char U+1F95 (decimal 8085)
   defining Unicode char U+1F96 (decimal 8086)
   defining Unicode char U+1F97 (decimal 8087)
   defining Unicode char U+1F98 (decimal 8088)
   defining Unicode char U+1F99 (decimal 8089)
   defining Unicode char U+1F9A (decimal 8090)
   defining Unicode char U+1F9B (decimal 8091)
   defining Unicode char U+1F9C (decimal 8092)
   defining Unicode char U+1F9D (decimal 8093)
   defining Unicode char U+1F9E (decimal 8094)
   defining Unicode char U+1F9F (decimal 8095)
   defining Unicode char U+1FA0 (decimal 8096)
   defining Unicode char U+1FA1 (decimal 8097)
   defining Unicode char U+1FA2 (decimal 8098)
   defining Unicode char U+1FA3 (decimal 8099)
   defining Unicode char U+1FA4 (decimal 8100)
   defining Unicode char U+1FA5 (decimal 8101)
   defining Unicode char U+1FA6 (decimal 8102)
   defining Unicode char U+1FA7 (decimal 8103)
   defining Unicode char U+1FA8 (decimal 8104)
   defining Unicode char U+1FA9 (decimal 8105)
   defining Unicode char U+1FAA (decimal 8106)
   defining Unicode char U+1FAB (decimal 8107)
   defining Unicode char U+1FAC (decimal 8108)
   defining Unicode char U+1FAD (decimal 8109)
   defining Unicode char U+1FAE (decimal 8110)
   defining Unicode char U+1FAF (decimal 8111)
   defining Unicode char U+1FB0 (decimal 8112)
   defining Unicode char U+1FB1 (decimal 8113)
   defining Unicode char U+1FB2 (decimal 8114)
   defining Unicode char U+1FB3 (decimal 8115)
   defining Unicode char U+1FB4 (decimal 8116)
   defining Unicode char U+1FB6 (decimal 8118)
   defining Unicode char U+1FB7 (decimal 8119)
   defining Unicode char U+1FB8 (decimal 8120)
   defining Unicode char U+1FB9 (decimal 8121)
   defining Unicode char U+1FBA (decimal 8122)
   defining Unicode char U+1FBB (decimal 8123)
   defining Unicode char U+1FBC (decimal 8124)
   defining Unicode char U+1FBD (decimal 8125)
   defining Unicode char U+1FBE (decimal 8126)
   defining Unicode char U+1FBF (decimal 8127)
   defining Unicode char U+1FC0 (decimal 8128)
   defining Unicode char U+1FC1 (decimal 8129)
   defining Unicode char U+1FC2 (decimal 8130)
   defining Unicode char U+1FC3 (decimal 8131)
   defining Unicode char U+1FC4 (decimal 8132)
   defining Unicode char U+1FC6 (decimal 8134)
   defining Unicode char U+1FC7 (decimal 8135)
   defining Unicode char U+1FC8 (decimal 8136)
   defining Unicode char U+1FC9 (decimal 8137)
   defining Unicode char U+1FCA (decimal 8138)
   defining Unicode char U+1FCB (decimal 8139)
   defining Unicode char U+1FCC (decimal 8140)
   defining Unicode char U+1FCD (decimal 8141)
   defining Unicode char U+1FCE (decimal 8142)
   defining Unicode char U+1FCF (decimal 8143)
   defining Unicode char U+1FD0 (decimal 8144)
   defining Unicode char U+1FD1 (decimal 8145)
   defining Unicode char U+1FD2 (decimal 8146)
   defining Unicode char U+1FD3 (decimal 8147)
   defining Unicode char U+1FD6 (decimal 8150)
   defining Unicode char U+1FD7 (decimal 8151)
   defining Unicode char U+1FD8 (decimal 8152)
   defining Unicode char U+1FD9 (decimal 8153)
   defining Unicode char U+1FDA (decimal 8154)
   defining Unicode char U+1FDB (decimal 8155)
   defining Unicode char U+1FDD (decimal 8157)
   defining Unicode char U+1FDE (decimal 8158)
   defining Unicode char U+1FDF (decimal 8159)
   defining Unicode char U+1FE0 (decimal 8160)
   defining Unicode char U+1FE1 (decimal 8161)
   defining Unicode char U+1FE2 (decimal 8162)
   defining Unicode char U+1FE3 (decimal 8163)
   defining Unicode char U+1FE4 (decimal 8164)
   defining Unicode char U+1FE5 (decimal 8165)
   defining Unicode char U+1FE6 (decimal 8166)
   defining Unicode char U+1FE7 (decimal 8167)
   defining Unicode char U+1FE8 (decimal 8168)
   defining Unicode char U+1FE9 (decimal 8169)
   defining Unicode char U+1FEA (decimal 8170)
   defining Unicode char U+1FEB (decimal 8171)
   defining Unicode char U+1FEC (decimal 8172)
   defining Unicode char U+1FED (decimal 8173)
   defining Unicode char U+1FEE (decimal 8174)
   defining Unicode char U+1FEF (decimal 8175)
   defining Unicode char U+1FF2 (decimal 8178)
   defining Unicode char U+1FF3 (decimal 8179)
   defining Unicode char U+1FF4 (decimal 8180)
   defining Unicode char U+1FF6 (decimal 8182)
   defining Unicode char U+1FF7 (decimal 8183)
   defining Unicode char U+1FF8 (decimal 8184)
   defining Unicode char U+1FF9 (decimal 8185)
   defining Unicode char U+1FFA (decimal 8186)
   defining Unicode char U+1FFB (decimal 8187)
   defining Unicode char U+1FFC (decimal 8188)
   defining Unicode char U+1FFD (decimal 8189)
   defining Unicode char U+1FFE (decimal 8190)
   defining Unicode char U+2013 (decimal 8211)
   defining Unicode char U+2014 (decimal 8212)
   defining Unicode char U+2018 (decimal 8216)
   defining Unicode char U+2019 (decimal 8217)
   defining Unicode char U+201A (decimal 8218)
   defining Unicode char U+2030 (decimal 8240)
   defining Unicode char U+2039 (decimal 8249)
   defining Unicode char U+203A (decimal 8250)
   defining Unicode char U+20AC (decimal 8364)
   defining Unicode char U+2126 (decimal 8486)
   defining Unicode char U+10144 (decimal 65860)
   defining Unicode char U+10145 (decimal 65861)
   defining Unicode char U+10146 (decimal 65862)
   defining Unicode char U+10147 (decimal 65863)
)
(/usr/local/texlive/2021/texmf-dist/tex/latex/greek-fontenc/greek-fontenc.def
File: greek-fontenc.def 2020/10/30 2.0 Common Greek font encoding definitions
))
LaTeX Info: Redefining \& on input line 125.
) (/usr/local/texlive/2021/texmf-dist/tex/generic/babel-english/english.ldf
Language: english 2017/06/06 v3.3r English support from the babel system
Package babel Info: Hyphen rules for 'canadian' set to \l@english
(babel)             (\language0). Reported on input line 102.
Package babel Info: Hyphen rules for 'australian' set to \l@ukenglish
(babel)             (\language21). Reported on input line 105.
Package babel Info: Hyphen rules for 'newzealand' set to \l@ukenglish
(babel)             (\language21). Reported on input line 108.
))
(/usr/local/texlive/2021/texmf-dist/tex/latex/ccaption/ccaption.sty
Package: ccaption 2011/08/07 v3.2c Extended captioning and new floats
\@contcwidth=\skip90
\@contindw=\skip91
\abovelegendskip=\skip92
\belowlegendskip=\skip93
\c@newflo@tctr=\count382
)
(/usr/local/texlive/2021/texmf-dist/tex/latex/setspace/setspace.sty
Package: setspace 2011/12/19 v6.7a set line spacing
)
(/usr/local/texlive/2021/texmf-dist/tex/latex/tcolorbox/tcbminted.code.tex
Library (tcolorbox): 'tcbminted.code.tex' version '4.51'
) (/usr/local/texlive/2021/texmf-dist/tex/latex/tocloft/tocloft.sty
Package: tocloft 2017/08/31 v2.3i parameterised ToC, etc., typesetting
Package tocloft Info: The document has chapter divisions on input line 51.
\cftparskip=\skip94
\cftbeforetoctitleskip=\skip95
\cftaftertoctitleskip=\skip96
\cftbeforepartskip=\skip97
\cftpartnumwidth=\skip98
\cftpartindent=\skip99
\cftbeforechapskip=\skip100
\cftchapindent=\skip101
\cftchapnumwidth=\skip102
\cftbeforesecskip=\skip103
\cftsecindent=\skip104
\cftsecnumwidth=\skip105
\cftbeforesubsecskip=\skip106
\cftsubsecindent=\skip107
\cftsubsecnumwidth=\skip108
\cftbeforesubsubsecskip=\skip109
\cftsubsubsecindent=\skip110
\cftsubsubsecnumwidth=\skip111
\cftbeforeparaskip=\skip112
\cftparaindent=\skip113
\cftparanumwidth=\skip114
\cftbeforesubparaskip=\skip115
\cftsubparaindent=\skip116
\cftsubparanumwidth=\skip117
\cftbeforeloftitleskip=\skip118
\cftafterloftitleskip=\skip119
\cftbeforefigskip=\skip120
\cftfigindent=\skip121
\cftfignumwidth=\skip122
\c@lofdepth=\count383
\c@lotdepth=\count384
\cftbeforelottitleskip=\skip123
\cftafterlottitleskip=\skip124
\cftbeforetabskip=\skip125
\cfttabindent=\skip126
\cfttabnumwidth=\skip127
)
(./commands.tex) (./dedications.tex) (./glossary.tex
(/usr/local/texlive/2021/texmf-dist/tex/latex/glossaries/base/glossaries.sty
Package: glossaries 2020/03/19 v4.46 (NLCT)

(/usr/local/texlive/2021/texmf-dist/tex/latex/xkeyval/xkeyval.sty
Package: xkeyval 2020/11/20 v2.8 package option processing (HA)

(/usr/local/texlive/2021/texmf-dist/tex/generic/xkeyval/xkeyval.tex
(/usr/local/texlive/2021/texmf-dist/tex/generic/xkeyval/xkvutils.tex
\XKV@toks=\toks53
\XKV@tempa@toks=\toks54
)
\XKV@depth=\count385
File: xkeyval.tex 2014/12/03 v2.7a key=value parser (HA)
))
(/usr/local/texlive/2021/texmf-dist/tex/latex/mfirstuc/mfirstuc.sty
Package: mfirstuc 2017/11/14 v2.06 (NLCT)
\@glsmfirst=\toks55
\@glsmrest=\toks56
)
(/usr/local/texlive/2021/texmf-dist/tex/latex/textcase/textcase.sty
Package: textcase 2019/09/14 v1.00 Text only upper/lower case changing (DPC)
)
(/usr/local/texlive/2021/texmf-dist/tex/latex/xfor/xfor.sty
Package: xfor 2009/02/05 v1.05 (NLCT)
)
(/usr/local/texlive/2021/texmf-dist/tex/latex/datatool/datatool-base.sty
Package: datatool-base 2019/09/27 v2.32 (NLCT)

(/usr/local/texlive/2021/texmf-dist/tex/latex/substr/substr.sty
Package: substr 2009/10/20 v1.2 Handle substrings
\c@su@anzahl=\count386
)
(/usr/local/texlive/2021/texmf-dist/tex/latex/datatool/datatool-fp.sty
Package: datatool-fp 2019/09/27 v2.32 (NLCT)

(/usr/local/texlive/2021/texmf-dist/tex/latex/fp/fp.sty
Package: fp 1995/04/02

`Fixed Point Package', Version 0.8, April 2, 1995 (C) Michael Mehlich
(/usr/local/texlive/2021/texmf-dist/tex/latex/fp/defpattern.sty
Package: defpattern 1994/10/12
\actioncount=\count387
)
(/usr/local/texlive/2021/texmf-dist/tex/latex/fp/fp-basic.sty
Package: fp-basic 1996/05/13
\FP@xs=\count388
\FP@xia=\count389
\FP@xib=\count390
\FP@xfa=\count391
\FP@xfb=\count392
\FP@rega=\count393
\FP@regb=\count394
\FP@regs=\count395
\FP@times=\count396
)
(/usr/local/texlive/2021/texmf-dist/tex/latex/fp/fp-addons.sty
Package: fp-addons 1995/03/15
)
(/usr/local/texlive/2021/texmf-dist/tex/latex/fp/fp-snap.sty
Package: fp-snap 1995/04/05
)
(/usr/local/texlive/2021/texmf-dist/tex/latex/fp/fp-exp.sty
Package: fp-exp 1995/04/03
)
(/usr/local/texlive/2021/texmf-dist/tex/latex/fp/fp-trigo.sty
Package: fp-trigo 1995/04/14
)
(/usr/local/texlive/2021/texmf-dist/tex/latex/fp/fp-pas.sty
Package: fp-pas 1994/08/29
)
(/usr/local/texlive/2021/texmf-dist/tex/latex/fp/fp-random.sty
Package: fp-random 1995/02/23
\FPseed=\count397
)
(/usr/local/texlive/2021/texmf-dist/tex/latex/fp/fp-eqn.sty
Package: fp-eqn 1995/04/03
)
(/usr/local/texlive/2021/texmf-dist/tex/latex/fp/fp-upn.sty
Package: fp-upn 1996/10/21
)
(/usr/local/texlive/2021/texmf-dist/tex/latex/fp/fp-eval.sty
Package: fp-eval 1995/04/03
)))
\@dtl@toks=\toks57
\@dtl@tmpcount=\count398
\dtl@tmplength=\skip128
\dtl@sortresult=\count399
\@dtl@numgrpsepcount=\count400
\@dtl@datatype=\count401
\dtl@codeA=\count402
\dtl@codeB=\count403
\@dtl@foreach@level=\count404
)
(/usr/local/texlive/2021/texmf-dist/tex/latex/glossaries/base/glossaries-compat
ible-307.sty
Package: glossaries-compatible-307 2020/03/19 v4.46 (NLCT)
)
(/usr/local/texlive/2021/texmf-dist/tex/latex/tracklang/tracklang.sty
Package: tracklang 2020/06/30 v1.5 (NLCT) Track Languages

(/usr/local/texlive/2021/texmf-dist/tex/generic/tracklang/tracklang.tex))
(/usr/local/texlive/2021/texmf-dist/tex/latex/translator/translator.sty
Package: translator 2021-05-31 v1.12d Easy translation of strings in LaTeX
)
(/usr/local/texlive/2021/texmf-dist/tex/latex/glossaries-english/glossaries-eng
lish.ldf
File: glossaries-english.ldf 2014/11/23 v1.0
)

Package glossaries Warning: No language module detected for `greek'.
(glossaries)                Language modules need to be installed separately.
(glossaries)                Please check on CTAN for a bundle called
(glossaries)                `glossaries-greek' or similar.

\gls@level=\count405
\@gls@tmpb=\toks58
\gls@tmplen=\skip129
\glskeylisttok=\toks59
\glslabeltok=\toks60
\glsshorttok=\toks61
\glslongtok=\toks62

(/usr/local/texlive/2021/texmf-dist/tex/latex/glossaries/styles/glossary-hypern
av.sty
Package: glossary-hypernav 2020/03/19 v4.46 (NLCT)
)
(/usr/local/texlive/2021/texmf-dist/tex/latex/glossaries/styles/glossary-list.s
ty
Package: glossary-list 2020/03/19 v4.46 (NLCT)
\glslistdottedwidth=\skip130
)
(/usr/local/texlive/2021/texmf-dist/tex/latex/glossaries/styles/glossary-long.s
ty
Package: glossary-long 2020/03/19 v4.46 (NLCT)
 (/usr/local/texlive/2021/texmf-dist/tex/latex/tools/longtable.sty
Package: longtable 2021-05-07 v4.16 Multi-page Table package (DPC)
\LTleft=\skip131
\LTright=\skip132
\LTpre=\skip133
\LTpost=\skip134
\LTchunksize=\count406
\LTcapwidth=\dimen328
\LT@head=\box99
\LT@firsthead=\box100
\LT@foot=\box101
\LT@lastfoot=\box102
\LT@gbox=\box103
\LT@cols=\count407
\LT@rows=\count408
\c@LT@tables=\count409
\c@LT@chunks=\count410
\LT@p@ftn=\toks63
)
\glsdescwidth=\skip135
\glspagelistwidth=\skip136
)
(/usr/local/texlive/2021/texmf-dist/tex/latex/glossaries/styles/glossary-super.
sty
Package: glossary-super 2020/03/19 v4.46 (NLCT)
 (/usr/local/texlive/2021/texmf-dist/tex/latex/supertabular/supertabular.sty
Package: supertabular 2020/02/02 v4.1g the supertabular environment
\c@tracingst=\count411
\ST@wd=\dimen329
\ST@rightskip=\skip137
\ST@leftskip=\skip138
\ST@parfillskip=\skip139
\ST@pageleft=\dimen330
\ST@headht=\dimen331
\ST@tailht=\dimen332
\ST@pagesofar=\dimen333
\ST@pboxht=\dimen334
\ST@lineht=\dimen335
\ST@prevht=\dimen336
\ST@toadd=\dimen337
\ST@dimen=\dimen338
\ST@pbox=\box104
))
(/usr/local/texlive/2021/texmf-dist/tex/latex/glossaries/styles/glossary-tree.s
ty
Package: glossary-tree 2020/03/19 v4.46 (NLCT)
\glstreeindent=\skip140
))
(/usr/local/texlive/2021/texmf-dist/tex/latex/glossaries/styles/glossary-longbo
oktabs.sty
Package: glossary-longbooktabs 2020/03/19 v4.46 (NLCT)

(/usr/local/texlive/2021/texmf-dist/tex/latex/glossaries/styles/glossary-longra
gged.sty
Package: glossary-longragged 2020/03/19 v4.46 (NLCT)
))
\glswrite=\write6
\glo@main@file=\write7
\openout7 = `main.glo'.

Package glossaries Info: Writing glossary file main.glo on input line 6.
) (/usr/local/texlive/2021/texmf-dist/tex/latex/titlesec/titlesec.sty
Package: titlesec 2019/10/16 v2.13 Sectioning titles
\ttl@box=\box105
\beforetitleunit=\skip141
\aftertitleunit=\skip142
\ttl@plus=\dimen339
\ttl@minus=\dimen340
\ttl@toksa=\toks64
\titlewidth=\dimen341
\titlewidthlast=\dimen342
\titlewidthfirst=\dimen343
)
\c@ttlp@side=\count412
\ttlp@side=\count413
\epi@textbox=\box106
\epi@sourcebox=\box107
\epi@finalwidth=\skip143
\c@todos=\count414
\cftbeforetodosskip=\skip144
\cfttodosindent=\skip145
\cfttodosnumwidth=\skip146
\c@toddepth=\count415
\cftbeforetodtitleskip=\skip147
\cftaftertodtitleskip=\skip148
\c@epigraphs=\count416
\cftbeforeepigraphsskip=\skip149
\cftepigraphsindent=\skip150
\cftepigraphsnumwidth=\skip151
\c@toedepth=\count417
\cftbeforetoetitleskip=\skip152
\cftaftertoetitleskip=\skip153
\myfile=\write8
\openout8 = `main.todos'.

 (/usr/local/texlive/2021/texmf-dist/tex/latex/hyperref/hyperref.sty
Package: hyperref 2021-06-07 v7.00m Hypertext links for LaTeX

(/usr/local/texlive/2021/texmf-dist/tex/generic/kvdefinekeys/kvdefinekeys.sty
Package: kvdefinekeys 2019-12-19 v1.6 Define keys (HO)
)
(/usr/local/texlive/2021/texmf-dist/tex/latex/hycolor/hycolor.sty
Package: hycolor 2020-01-27 v1.10 Color options for hyperref/bookmark (HO)
)
(/usr/local/texlive/2021/texmf-dist/tex/latex/letltxmacro/letltxmacro.sty
Package: letltxmacro 2019/12/03 v1.6 Let assignment for LaTeX macros (HO)
)
(/usr/local/texlive/2021/texmf-dist/tex/latex/auxhook/auxhook.sty
Package: auxhook 2019-12-17 v1.6 Hooks for auxiliary files (HO)
)
\@linkdim=\dimen344
\Hy@linkcounter=\count418
\Hy@pagecounter=\count419

(/usr/local/texlive/2021/texmf-dist/tex/latex/hyperref/pd1enc.def
File: pd1enc.def 2021-06-07 v7.00m Hyperref: PDFDocEncoding definition (HO)
Now handling font encoding PD1 ...
... no UTF-8 mapping file for font encoding PD1
)
(/usr/local/texlive/2021/texmf-dist/tex/latex/hyperref/hyperref-langpatches.def
File: hyperref-langpatches.def 2021-06-07 v7.00m Hyperref: patches for babel la
nguages
) (/usr/local/texlive/2021/texmf-dist/tex/generic/intcalc/intcalc.sty
Package: intcalc 2019/12/15 v1.3 Expandable calculations with integers (HO)
)
\Hy@SavedSpaceFactor=\count420

(/usr/local/texlive/2021/texmf-dist/tex/latex/hyperref/puenc.def
File: puenc.def 2021-06-07 v7.00m Hyperref: PDF Unicode definition (HO)
Now handling font encoding PU ...
... no UTF-8 mapping file for font encoding PU

(/usr/local/texlive/2021/texmf-dist/tex/latex/hyperref/puenc-greekbasic.def
File: puenc-greekbasic.def 2021-06-07 v7.00m Hyperref: PDF Unicode definition (
greek block) (HO)
))
Package hyperref Info: Hyper figures OFF on input line 4192.
Package hyperref Info: Link nesting OFF on input line 4197.
Package hyperref Info: Hyper index ON on input line 4200.
Package hyperref Info: Plain pages OFF on input line 4207.
Package hyperref Info: Backreferencing OFF on input line 4212.
Package hyperref Info: Implicit mode ON; LaTeX internals redefined.
Package hyperref Info: Bookmarks ON on input line 4445.
\c@Hy@tempcnt=\count421

(/usr/local/texlive/2021/texmf-dist/tex/latex/url/url.sty
\Urlmuskip=\muskip17
Package: url 2013/09/16  ver 3.4  Verb mode for urls, etc.
)
LaTeX Info: Redefining \url on input line 4804.
\XeTeXLinkMargin=\dimen345

(/usr/local/texlive/2021/texmf-dist/tex/generic/bitset/bitset.sty
Package: bitset 2019/12/09 v1.3 Handle bit-vector datatype (HO)

(/usr/local/texlive/2021/texmf-dist/tex/generic/bigintcalc/bigintcalc.sty
Package: bigintcalc 2019/12/15 v1.5 Expandable calculations on big integers (HO
)
))
\Fld@menulength=\count422
\Field@Width=\dimen346
\Fld@charsize=\dimen347
Package hyperref Info: Hyper figures OFF on input line 6076.
Package hyperref Info: Link nesting OFF on input line 6081.
Package hyperref Info: Hyper index ON on input line 6084.
Package hyperref Info: backreferencing OFF on input line 6091.
Package hyperref Info: Link coloring OFF on input line 6096.
Package hyperref Info: Link coloring with OCG OFF on input line 6101.
Package hyperref Info: PDF/A mode OFF on input line 6106.
LaTeX Info: Redefining \ref on input line 6146.
LaTeX Info: Redefining \pageref on input line 6150.

(/usr/local/texlive/2021/texmf-dist/tex/latex/base/atbegshi-ltx.sty
Package: atbegshi-ltx 2021/01/10 v1.0c Emulation of the original atbegshi
package with kernel methods
)
\Hy@abspage=\count423
\c@Item=\count424
\c@Hfootnote=\count425
)
Package hyperref Info: Driver (autodetected): hpdftex.

(/usr/local/texlive/2021/texmf-dist/tex/latex/hyperref/hpdftex.def
File: hpdftex.def 2021-06-07 v7.00m Hyperref driver for pdfTeX

(/usr/local/texlive/2021/texmf-dist/tex/latex/base/atveryend-ltx.sty
Package: atveryend-ltx 2020/08/19 v1.0a Emulation of the original atvery packag
e
with kernel methods
)
\Fld@listcount=\count426
\c@bookmark@seq@number=\count427

(/usr/local/texlive/2021/texmf-dist/tex/latex/rerunfilecheck/rerunfilecheck.sty
Package: rerunfilecheck 2019/12/05 v1.9 Rerun checks for auxiliary files (HO)

(/usr/local/texlive/2021/texmf-dist/tex/generic/uniquecounter/uniquecounter.sty
Package: uniquecounter 2019/12/15 v1.4 Provide unlimited unique counter (HO)
)
Package uniquecounter Info: New unique counter `rerunfilecheck' on input line 2
86.
)
\Hy@SectionHShift=\skip154
)
Package hyperref Info: Option `colorlinks' set `true' on input line 416.
\c@tcb@cnt@pythonfile=\count428
Package csquotes Info: Checking for multilingual support...
Package csquotes Info: ... found 'babel' package.
Package csquotes Info: Adjusting default style.
Package csquotes Info: Redefining alias 'default' -> 'english'.
runsystem(which pygmentize && touch main.aex)...executed.

runsystem(rm main.aex)...executed.

 (./main.aux)
\openout1 = `main.aux'.

LaTeX Font Info:    Checking defaults for OML/cmm/m/it on input line 445.
LaTeX Font Info:    ... okay on input line 445.
LaTeX Font Info:    Checking defaults for OMS/cmsy/m/n on input line 445.
LaTeX Font Info:    ... okay on input line 445.
LaTeX Font Info:    Checking defaults for OT1/cmr/m/n on input line 445.
LaTeX Font Info:    ... okay on input line 445.
LaTeX Font Info:    Checking defaults for T1/cmr/m/n on input line 445.
LaTeX Font Info:    ... okay on input line 445.
LaTeX Font Info:    Checking defaults for TS1/cmr/m/n on input line 445.
LaTeX Font Info:    ... okay on input line 445.
LaTeX Font Info:    Checking defaults for OMX/cmex/m/n on input line 445.
LaTeX Font Info:    ... okay on input line 445.
LaTeX Font Info:    Checking defaults for U/cmr/m/n on input line 445.
LaTeX Font Info:    ... okay on input line 445.
LaTeX Font Info:    Checking defaults for LGR/cmr/m/n on input line 445.
LaTeX Font Info:    Trying to load font information for LGR+cmr on input line 4
45.

(/usr/local/texlive/2021/texmf-dist/tex/latex/cbfonts-fd/lgrcmr.fd
File: lgrcmr.fd 2017/07/29 v1.2 Greek European Computer Regular
)
LaTeX Font Info:    ... okay on input line 445.
LaTeX Font Info:    Checking defaults for PD1/pdf/m/n on input line 445.
LaTeX Font Info:    ... okay on input line 445.
LaTeX Font Info:    Checking defaults for PU/pdf/m/n on input line 445.
LaTeX Font Info:    ... okay on input line 445.

*geometry* driver: auto-detecting
*geometry* detected driver: pdftex
*geometry* verbose mode - [ preamble ] result:
* driver: pdftex
* paper: <default>
* layout: <same size as paper>
* layoutoffset:(h,v)=(0.0pt,0.0pt)
* modes: twoside 
* h-part:(L,W,R)=(73.71613pt, 430.00462pt, 110.57425pt)
* v-part:(T,H,B)=(95.39737pt, 556.47656pt, 143.09605pt)
* \paperwidth=614.295pt
* \paperheight=794.96999pt
* \textwidth=430.00462pt
* \textheight=556.47656pt
* \oddsidemargin=1.44614pt
* \evensidemargin=38.30426pt
* \topmargin=-6.94011pt
* \headheight=12.0pt
* \headsep=18.06749pt
* \topskip=10.0pt
* \footskip=25.29494pt
* \marginparwidth=125.0pt
* \marginparsep=7.0pt
* \columnsep=10.0pt
* \skip\footins=9.0pt plus 4.0pt minus 2.0pt
* \hoffset=0.0pt
* \voffset=0.0pt
* \mag=1000
* \@twocolumnfalse
* \@twosidetrue
* \@mparswitchtrue
* \@reversemarginfalse
* (1in=72.27pt=25.4mm, 1cm=28.453pt)


Package epigraph Warning: flushleftright has been previously defined.
(epigraph)                Use flushepinormal for epigraphs instead.

Package lastpage Info: Please have a look at the pageslts package at
(lastpage)             https://www.ctan.org/pkg/pageslts
(lastpage)             ! on input line 445.

Package chemgreek Info: Activating mapping `default' on line 445.

(/usr/local/texlive/2021/texmf-dist/tex/context/base/mkii/supp-pdf.mkii
[Loading MPS to PDF converter (version 2006.09.02).]
\scratchcounter=\count429
\scratchdimen=\dimen348
\scratchbox=\box108
\nofMPsegments=\count430
\nofMParguments=\count431
\everyMPshowfont=\toks65
\MPscratchCnt=\count432
\MPscratchDim=\dimen349
\MPnumerator=\count433
\makeMPintoPDFobject=\count434
\everyMPtoPDFconversion=\toks66
) (/usr/local/texlive/2021/texmf-dist/tex/latex/epstopdf-pkg/epstopdf-base.sty
Package: epstopdf-base 2020-01-24 v2.11 Base part for package epstopdf
Package epstopdf-base Info: Redefining graphics rule for `.eps' on input line 4
85.

(/usr/local/texlive/2021/texmf-dist/tex/latex/latexconfig/epstopdf-sys.cfg
File: epstopdf-sys.cfg 2010/07/13 v1.3 Configuration of (r)epstopdf for TeX Liv
e
))
(/usr/local/texlive/2021/texmf-dist/tex/latex/translations/translations-basic-d
ictionary-english.trsl
File: translations-basic-dictionary-english.trsl (english translation file `tra
nslations-basic-dictionary')
)
Package translations Info: loading dictionary `translations-basic-dictionary' f
or `english'. on input line 445.
Package translations Info: no dictionary file `translations-basic-dictionary-gr
eek.trsl' found. on input line 445.

(/usr/local/texlive/2021/texmf-dist/tex/latex/pdflscape/pdflscape.sty
Package: pdflscape 2019/12/05 v0.12 Display of landscape pages in PDF (HO)

(/usr/local/texlive/2021/texmf-dist/tex/latex/graphics/lscape.sty
Package: lscape 2020/05/28 v3.02 Landscape Pages (DPC)
)
Package pdflscape Info: Auto-detected driver: pdftex on input line 81.
)
\c@lstlisting=\count435

(/usr/local/texlive/2021/texmf-dist/tex/latex/greek-fontenc/puenc-greek.def
File: puenc-greek.def 2020/10/18 2.0 Greek LICRs for PDF strings

(/usr/local/texlive/2021/texmf-dist/tex/latex/greek-fontenc/greek-fontenc.def
File: greek-fontenc.def 2020/10/30 2.0 Common Greek font encoding definitions
))
Package hyperref Info: Link coloring ON on input line 445.
(/usr/local/texlive/2021/texmf-dist/tex/latex/hyperref/nameref.sty
Package: nameref 2021-04-02 v2.47 Cross-referencing by name of section

(/usr/local/texlive/2021/texmf-dist/tex/latex/refcount/refcount.sty
Package: refcount 2019/12/15 v3.6 Data extraction from label references (HO)
)
(/usr/local/texlive/2021/texmf-dist/tex/generic/gettitlestring/gettitlestring.s
ty
Package: gettitlestring 2019/12/15 v1.6 Cleanup title references (HO)
)
\c@section@level=\count436
)
LaTeX Info: Redefining \ref on input line 445.
LaTeX Info: Redefining \pageref on input line 445.
LaTeX Info: Redefining \nameref on input line 445.
 (./main.out) (./main.out)
\@outlinefile=\write9
\openout9 = `main.out'.

 (./titlematter.tex
*geometry* verbose mode - [ newgeometry ] result:
* driver: pdftex
* paper: <default>
* layout: <same size as paper>
* layoutoffset:(h,v)=(0.0pt,0.0pt)
* modes: twoside 
* h-part:(L,W,R)=(72.26999pt, 469.75502pt, 72.26999pt)
* v-part:(T,H,B)=(72.26999pt, 650.43001pt, 72.26999pt)
* \paperwidth=614.295pt
* \paperheight=794.96999pt
* \textwidth=469.75502pt
* \textheight=650.43001pt
* \oddsidemargin=0.0pt
* \evensidemargin=0.0pt
* \topmargin=-30.06749pt
* \headheight=12.0pt
* \headsep=18.06749pt
* \topskip=10.0pt
* \footskip=25.29494pt
* \marginparwidth=125.0pt
* \marginparsep=7.0pt
* \columnsep=10.0pt
* \skip\footins=9.0pt plus 4.0pt minus 2.0pt
* \hoffset=0.0pt
* \voffset=0.0pt
* \mag=1000
* \@twocolumnfalse
* \@twosidetrue
* \@mparswitchtrue
* \@reversemarginfalse
* (1in=72.27pt=25.4mm, 1cm=28.453pt)

LaTeX Font Info:    Trying to load font information for T1+lmss on input line 9
.

(/usr/local/texlive/2021/texmf-dist/tex/latex/lm/t1lmss.fd
File: t1lmss.fd 2015/05/01 v1.6.1 Font defs for Latin Modern
)
<images/Alt_Cover_Page.jpg, id=376, 1430.34375pt x 1927.2pt>
File: images/Alt_Cover_Page.jpg Graphic file (type jpg)
<use images/Alt_Cover_Page.jpg>
Package pdftex.def Info: images/Alt_Cover_Page.jpg  used on input line 24.
(pdftex.def)             Requested size: 614.295pt x 827.68004pt.
 [1

\openout6 = `main.ist'.




{/usr/local/texlive/2021/texmf-var/fonts/map/pdftex/updmap/pdftex.map} <./image
s/Alt_Cover_Page.jpg>]
*geometry* verbose mode - [ newgeometry ] result:
* driver: pdftex
* paper: <default>
* layout: <same size as paper>
* layoutoffset:(h,v)=(0.0pt,0.0pt)
* modes: twoside 
* h-part:(L,W,R)=(85.35826pt, 472.03123pt, 56.9055pt)
* v-part:(T,H,B)=(108.405pt, 629.65948pt, 56.9055pt)
* \paperwidth=614.295pt
* \paperheight=794.96999pt
* \textwidth=472.03123pt
* \textheight=629.65948pt
* \oddsidemargin=13.08827pt
* \evensidemargin=-15.36449pt
* \topmargin=6.06752pt
* \headheight=12.0pt
* \headsep=18.06749pt
* \topskip=10.0pt
* \footskip=25.29494pt
* \marginparwidth=125.0pt
* \marginparsep=7.0pt
* \columnsep=10.0pt
* \skip\footins=9.0pt plus 4.0pt minus 2.0pt
* \hoffset=0.0pt
* \voffset=0.0pt
* \mag=1000
* \@twocolumnfalse
* \@twosidetrue
* \@mparswitchtrue
* \@reversemarginfalse
* (1in=72.27pt=25.4mm, 1cm=28.453pt)

 (./abstract.tex)
LaTeX Font Info:    Trying to load font information for T1+cmtt on input line 4
0.

(/usr/local/texlive/2021/texmf-dist/tex/latex/base/t1cmtt.fd
File: t1cmtt.fd 2019/12/16 v2.5j Standard LaTeX font definitions
)
LaTeX Font Info:    Trying to load font information for U+msa on input line 40.


(/usr/local/texlive/2021/texmf-dist/tex/latex/amsfonts/umsa.fd
File: umsa.fd 2013/01/14 v3.01 AMS symbols A
)
LaTeX Font Info:    Trying to load font information for U+msb on input line 40.


(/usr/local/texlive/2021/texmf-dist/tex/latex/amsfonts/umsb.fd
File: umsb.fd 2013/01/14 v3.01 AMS symbols B
) [2


] [3]
[4] (./acknowledgements.tex [5] [6]

LaTeX Font Warning: Font shape `T1/cmr/m/scit' undefined
(Font)              using `T1/cmr/m/it' instead on input line 21.

[7]

LaTeX Font Warning: Font shape `T1/cmr/m/scit' undefined
(Font)              using `T1/cmr/m/it' instead on input line 32.

[8] [9]

LaTeX Font Warning: Font shape `T1/cmr/m/scit' undefined
(Font)              using `T1/cmr/m/it' instead on input line 54.

) [10] (./main.toc [11

] [12])
\tf@toc=\write10
\openout10 = `main.toc'.

 [13] [14] (./main.lof)
\tf@lof=\write11
\openout11 = `main.lof'.


Underfull \vbox (badness 10000) has occurred while \output is active []

 [15

]
[16] (./main.lot)
\tf@lot=\write12
\openout12 = `main.lot'.

 (./main.gls [17

] [18

] [19

] [20]) [21] [22

] (./main.tod
Overfull \hbox (0.27771pt too wide) detected at line 8
\T1/cmr/m/n/10 A.8 
 []

)
\tf@tod=\write13
\openout13 = `main.tod'.

 [23] [24

] (./main.toe
Underfull \vbox (badness 3525) has occurred while \output is active []

 [25]
Underfull \vbox (badness 10000) has occurred while \output is active []

 [26])
\tf@toe=\write14
\openout14 = `main.toe'.

<declaration_forms/Chapter05.pdf, id=804, 597.53635pt x 845.04686pt>
File: declaration_forms/Chapter05.pdf Graphic file (type pdf)
<use declaration_forms/Chapter05.pdf>
Package pdftex.def Info: declaration_forms/Chapter05.pdf  used on input line 64
.
(pdftex.def)             Requested size: 597.53488pt x 845.0448pt.
File: declaration_forms/Chapter05.pdf Graphic file (type pdf)
<use declaration_forms/Chapter05.pdf>
Package pdftex.def Info: declaration_forms/Chapter05.pdf  used on input line 64
.
(pdftex.def)             Requested size: 597.53488pt x 845.0448pt.
<declaration_forms/Chapter05.pdf, id=807, page=1, 597.53635pt x 845.04686pt>
File: declaration_forms/Chapter05.pdf Graphic file (type pdf)
<use declaration_forms/Chapter05.pdf, page 1>
Package pdftex.def Info: declaration_forms/Chapter05.pdf , page1 used on input 
line 64.
(pdftex.def)             Requested size: 597.53488pt x 845.0448pt.
File: declaration_forms/Chapter05.pdf Graphic file (type pdf)
<use declaration_forms/Chapter05.pdf, page 1>
Package pdftex.def Info: declaration_forms/Chapter05.pdf , page1 used on input 
line 64.
(pdftex.def)             Requested size: 562.14925pt x 795.00179pt.

[27]
File: declaration_forms/Chapter05.pdf Graphic file (type pdf)
<use declaration_forms/Chapter05.pdf, page 1>
Package pdftex.def Info: declaration_forms/Chapter05.pdf , page1 used on input 
line 64.
(pdftex.def)             Requested size: 562.14925pt x 795.00179pt.
File: declaration_forms/Chapter05.pdf Graphic file (type pdf)
<use declaration_forms/Chapter05.pdf, page 1>
Package pdftex.def Info: declaration_forms/Chapter05.pdf , page1 used on input 
line 64.
(pdftex.def)             Requested size: 562.14925pt x 795.00179pt.
File: declaration_forms/Chapter05.pdf Graphic file (type pdf)
<use declaration_forms/Chapter05.pdf, page 1>
Package pdftex.def Info: declaration_forms/Chapter05.pdf , page1 used on input 
line 64.
(pdftex.def)             Requested size: 562.14925pt x 795.00179pt.
 [28 <./declaration_forms/Chapter05.pdf>]) (./chapters/chapter01.tex
Chapter 1.
[1


]

LaTeX Font Warning: Font shape `T1/cmr/m/scit' undefined
(Font)              using `T1/cmr/m/it' instead on input line 28.


Overfull \hbox (2.22168pt too wide) in paragraph at lines 55--55
[] [] 
 []

[2]
Overfull \hbox (2.22168pt too wide) in paragraph at lines 76--76
[] [] 
 []

[3] [4] [5]

LaTeX Font Warning: Font shape `T1/cmr/m/scit' undefined
(Font)              using `T1/cmr/m/it' instead on input line 139.


Underfull \vbox (badness 10000) has occurred while \output is active []

 [6])
(./chapters/chapter02.tex [7] [8

]
Chapter 2.
[9]

LaTeX Font Warning: Font shape `T1/cmr/m/scit' undefined
(Font)              using `T1/cmr/m/it' instead on input line 44.

[10] [11]

Package hyperref Warning: Token not allowed in a PDF string (Unicode):
(hyperref)                removing `\acrshort' on input line 102.


Package hyperref Warning: Token not allowed in a PDF string (Unicode):
(hyperref)                removing `subscript' on input line 102.

[12]
Underfull \vbox (badness 10000) has occurred while \output is active []

 [13]
[14]
Underfull \vbox (badness 10000) has occurred while \output is active []

 [15]

LaTeX Font Warning: Font shape `T1/cmr/m/scit' undefined
(Font)              using `T1/cmr/m/it' instead on input line 224.

[16]
(/usr/local/texlive/2021/texmf-dist/tex/generic/pgf/libraries/pgflibraryarrows.
meta.code.tex
File: pgflibraryarrows.meta.code.tex 2021/05/15 v3.1.9a (3.1.9a)
\pgfarrowinset=\dimen350
\pgfarrowlength=\dimen351
\pgfarrowwidth=\dimen352
\pgfarrowlinewidth=\dimen353
)
(/usr/local/texlive/2021/texmf-dist/tex/generic/pgf/frontendlayer/tikz/librarie
s/tikzlibraryarrows.code.tex
File: tikzlibraryarrows.code.tex 2021/05/15 v3.1.9a (3.1.9a)

(/usr/local/texlive/2021/texmf-dist/tex/generic/pgf/libraries/pgflibraryarrows.
code.tex
File: pgflibraryarrows.code.tex 2021/05/15 v3.1.9a (3.1.9a)
\arrowsize=\dimen354
))
(/usr/local/texlive/2021/texmf-dist/tex/generic/pgf/frontendlayer/tikz/librarie
s/tikzlibrarypositioning.code.tex
File: tikzlibrarypositioning.code.tex 2021/05/15 v3.1.9a (3.1.9a)
)
Overfull \hbox (52.47163pt too wide) in paragraph at lines 284--285
 [][] 
 []

[17] [18] [19]

Package siunitx Info: Option "retain-unity-mantissa" has been deprecated in
(siunitx)             this release.
(siunitx)             
(siunitx)             Use "print-unity-mantissa" as a replacement.



LaTeX Font Warning: Font shape `T1/cmr/m/scit' undefined
(Font)              using `T1/cmr/m/it' instead on input line 372.

[20]
<images/TheorySection/roche_potentials.png, id=1278, 444.4605pt x 602.25pt>
File: images/TheorySection/roche_potentials.png Graphic file (type png)
<use images/TheorySection/roche_potentials.png>
Package pdftex.def Info: images/TheorySection/roche_potentials.png  used on inp
ut line 378.
(pdftex.def)             Requested size: 401.22942pt x 543.69249pt.

Underfull \vbox (badness 1057) has occurred while \output is active []

 [21]
[22 <./images/TheorySection/roche_potentials.png>] [23]
<images/TheorySection/RLs_Eggleton_Formula.png, id=1318, 399.894pt x 212.7147pt
>
File: images/TheorySection/RLs_Eggleton_Formula.png Graphic file (type png)
<use images/TheorySection/RLs_Eggleton_Formula.png>
Package pdftex.def Info: images/TheorySection/RLs_Eggleton_Formula.png  used on
 input line 545.
(pdftex.def)             Requested size: 472.03123pt x 251.09529pt.
<images/TheorySection/eggleton_justification.png, id=1327, 508.299pt x 207.8967
pt>
File: images/TheorySection/eggleton_justification.png Graphic file (type png)
<use images/TheorySection/eggleton_justification.png>
Package pdftex.def Info: images/TheorySection/eggleton_justification.png  used 
on input line 552.
(pdftex.def)             Requested size: 472.03123pt x 193.0691pt.
<images/TheorySection/marchant_justification.png, id=1333, 508.299pt x 207.8967
pt>
File: images/TheorySection/marchant_justification.png Graphic file (type png)
<use images/TheorySection/marchant_justification.png>
Package pdftex.def Info: images/TheorySection/marchant_justification.png  used 
on input line 570.
(pdftex.def)             Requested size: 472.03123pt x 193.0691pt.
 [24 <./images/TheorySection/RLs_Eggleton_Formula.png>] [25 <./images/TheorySec
tion/eggleton_justification.png> <./images/TheorySection/marchant_justification
.png>] [26]

LaTeX Font Warning: Font shape `T1/cmr/m/scit' undefined
(Font)              using `T1/cmr/m/it' instead on input line 632.


Underfull \vbox (badness 10000) has occurred while \output is active []

 [27]
[28] [29] [30]

LaTeX Font Warning: Font shape `T1/cmr/m/scit' undefined
(Font)              using `T1/cmr/m/it' instead on input line 722.

[31]
Underfull \vbox (badness 8019) has occurred while \output is active []

 [32]
[33]
<images/TheorySection/thermal_pulses_and_he_flash.png, id=1525, 654.40485pt x 5
99.1183pt>
File: images/TheorySection/thermal_pulses_and_he_flash.png Graphic file (type p
ng)
<use images/TheorySection/thermal_pulses_and_he_flash.png>
Package pdftex.def Info: images/TheorySection/thermal_pulses_and_he_flash.png  
used on input line 796.
(pdftex.def)             Requested size: 472.03123pt x 432.16933pt.
<images/TheorySection/helium_flash_kippenhahn.png, id=1526, 507.69675pt x 211.3
8976pt>
File: images/TheorySection/helium_flash_kippenhahn.png Graphic file (type png)
<use images/TheorySection/helium_flash_kippenhahn.png>
Package pdftex.def Info: images/TheorySection/helium_flash_kippenhahn.png  used
 on input line 803.
(pdftex.def)             Requested size: 472.03123pt x 196.54204pt.

Underfull \vbox (badness 10000) has occurred while \output is active []

 [34]
[35 <./images/TheorySection/thermal_pulses_and_he_flash.png>]

LaTeX Font Warning: Font shape `T1/cmr/m/scit' undefined
(Font)              using `T1/cmr/m/it' instead on input line 814.

) (./chapters/chapter03.tex [36 <./images/TheorySection/helium_flash_kippenhahn
.png>]
Chapter 3.

LaTeX Font Warning: Font shape `T1/cmr/m/scit' undefined
(Font)              using `T1/cmr/m/it' instead on input line 4.

\openout5 = `main.pyg'.

(./_minted-main/default-pyg-prefix.pygstyle) (./_minted-main/default.pygstyle)
(./_minted-main/7A14813D53513F53396BF9685382F2375BD9CFCE54A68914ACB2DCF71641ADB
0.pygtex)
(./_minted-main/D995CFDA4CD457128004C2CB9676D0B2F69D0D2CCB40A37DBDA8BB228F15F41
2.pygtex
LaTeX Font Info:    Font shape `T1/cmtt/bx/n' in size <10> not available
(Font)              Font shape `T1/cmtt/m/n' tried instead on input line 2.
LaTeX Font Info:    Trying to load font information for TS1+cmtt on input line 
6.
 (/usr/local/texlive/2021/texmf-dist/tex/latex/base/ts1cmtt.fd
File: ts1cmtt.fd 2019/12/16 v2.5j Standard LaTeX font definitions
))
Missing character: There is no c in font nullfont!
Missing character: There is no o in font nullfont!
Missing character: There is no l in font nullfont!
Missing character: There is no b in font nullfont!
Missing character: There is no a in font nullfont!
Missing character: There is no c in font nullfont!
Missing character: There is no k in font nullfont!

[37

]
Missing character: There is no c in font nullfont!
Missing character: There is no o in font nullfont!
Missing character: There is no l in font nullfont!
Missing character: There is no b in font nullfont!
Missing character: There is no a in font nullfont!
Missing character: There is no c in font nullfont!
Missing character: There is no k in font nullfont!
 [38]
Missing character: There is no c in font nullfont!
Missing character: There is no o in font nullfont!
Missing character: There is no l in font nullfont!
Missing character: There is no b in font nullfont!
Missing character: There is no a in font nullfont!
Missing character: There is no c in font nullfont!
Missing character: There is no k in font nullfont!
<images/KaitiakiFlow.pdf, id=1567, 661.47928pt x 684.53845pt>
File: images/KaitiakiFlow.pdf Graphic file (type pdf)
<use images/KaitiakiFlow.pdf>
Package pdftex.def Info: images/KaitiakiFlow.pdf  used on input line 20.
(pdftex.def)             Requested size: 472.03123pt x 488.49078pt.
<images/StellarSynthesis/single_vs_binary.png, id=1570, 509.0217pt x 237.5274pt
>
File: images/StellarSynthesis/single_vs_binary.png Graphic file (type png)
<use images/StellarSynthesis/single_vs_binary.png>
Package pdftex.def Info: images/StellarSynthesis/single_vs_binary.png  used on 
input line 37.
(pdftex.def)             Requested size: 472.03123pt x 220.2748pt.

Underfull \vbox (badness 10000) has occurred while \output is active []

 [39]
[40 <./images/KaitiakiFlow.pdf>]) (./chapters/chapter04.tex
Underfull \vbox (badness 10000) has occurred while \output is active []

 [41 <./images/StellarSynthesis/single_vs_binary.png>] [42]
Chapter 4.
[43

]
Underfull \vbox (badness 10000) has occurred while \output is active []

 [44]
Overfull \hbox (3.04678pt too wide) in paragraph at lines 37--46
 [][] 
 []

[45]
\openout5 = `main.pyg'.


(./_minted-main/690B020ED0944084D8BD765EE3AAFA805BD9CFCE54A68914ACB2DCF71641ADB
0.pygtex)
\openout5 = `main.pyg'.


(./_minted-main/22C35DF1C79DCF62B811E4D4364954605BD9CFCE54A68914ACB2DCF71641ADB
0.pygtex)
\openout5 = `main.pyg'.


(./_minted-main/22C35DF1C79DCF62B811E4D4364954605BD9CFCE54A68914ACB2DCF71641ADB
0.pygtex) [46]
\openout5 = `main.pyg'.


(./_minted-main/690B020ED0944084D8BD765EE3AAFA805BD9CFCE54A68914ACB2DCF71641ADB
0.pygtex)
\openout5 = `main.pyg'.


(./_minted-main/22C35DF1C79DCF62B811E4D4364954605BD9CFCE54A68914ACB2DCF71641ADB
0.pygtex)
<images/NatalKicks/varying_de.png, id=1768, 527.20966pt x 319.4334pt>
File: images/NatalKicks/varying_de.png Graphic file (type png)
<use images/NatalKicks/varying_de.png>
Package pdftex.def Info: images/NatalKicks/varying_de.png  used on input line 1
05.
(pdftex.def)             Requested size: 472.03123pt x 286.01051pt.
<images/NatalKicks/runtime.png, id=1771, 545.99985pt x 375.0813pt>
File: images/NatalKicks/runtime.png Graphic file (type png)
<use images/NatalKicks/runtime.png>
Package pdftex.def Info: images/NatalKicks/runtime.png  used on input line 112.

(pdftex.def)             Requested size: 472.03123pt x 324.28061pt.
 [47] [48 <./images/NatalKicks/varying_de.png>] [49 <./images/NatalKicks/runtim
e.png>]
<images/NatalKicks/EventRate_Distribution_Both.png, id=1817, 493.00185pt x 304.
2567pt>
File: images/NatalKicks/EventRate_Distribution_Both.png Graphic file (type png)

<use images/NatalKicks/EventRate_Distribution_Both.png>
Package pdftex.def Info: images/NatalKicks/EventRate_Distribution_Both.png  use
d on input line 126.
(pdftex.def)             Requested size: 472.03123pt x 291.31244pt.
 [50] [51 <./images/NatalKicks/EventRate_Distribution_Both.png>]
Overfull \hbox (2.31754pt too wide) in paragraph at lines 155--168
 [][] 
 []

[52]
<images/NatalKicks/bray_vs_hobbs_pdf.png, id=1938, 441.8106pt x 320.03564pt>
File: images/NatalKicks/bray_vs_hobbs_pdf.png Graphic file (type png)
<use images/NatalKicks/bray_vs_hobbs_pdf.png>
Package pdftex.def Info: images/NatalKicks/bray_vs_hobbs_pdf.png  used on input
 line 190.
(pdftex.def)             Requested size: 472.03123pt x 341.94641pt.
<images/NatalKicks/ks_test_with_hobbs.png, id=1967, 459.1554pt x 296.18655pt>
File: images/NatalKicks/ks_test_with_hobbs.png Graphic file (type png)
<use images/NatalKicks/ks_test_with_hobbs.png>
Package pdftex.def Info: images/NatalKicks/ks_test_with_hobbs.png  used on inpu
t line 199.
(pdftex.def)             Requested size: 472.03123pt x 304.51062pt.
<images/NatalKicks/individual_pdfs_with_cdf_and_hobbs.png, id=1973, 480.71594pt
 x 334.1283pt>
File: images/NatalKicks/individual_pdfs_with_cdf_and_hobbs.png Graphic file (ty
pe png)
<use images/NatalKicks/individual_pdfs_with_cdf_and_hobbs.png>
Package pdftex.def Info: images/NatalKicks/individual_pdfs_with_cdf_and_hobbs.p
ng  used on input line 208.
(pdftex.def)             Requested size: 472.03123pt x 328.10628pt.
 [53] [54 <./images/NatalKicks/bray_vs_hobbs_pdf.png>] [55 <./images/NatalKicks
/ks_test_with_hobbs.png>] [56 <./images/NatalKicks/individual_pdfs_with_cdf_and
_hobbs.png>] [57]
<images/NatalKicks/All_Three_Constraints_with_USSNe_and_modeltype2.png, id=2052
, 457.2282pt x 319.9152pt>
File: images/NatalKicks/All_Three_Constraints_with_USSNe_and_modeltype2.png Gra
phic file (type png)
<use images/NatalKicks/All_Three_Constraints_with_USSNe_and_modeltype2.png>
Package pdftex.def Info: images/NatalKicks/All_Three_Constraints_with_USSNe_and
_modeltype2.png  used on input line 246.
(pdftex.def)             Requested size: 472.03123pt x 330.27785pt.
<images/NatalKicks/Best_Model_Params.png, id=2057, 847.968pt x 377.7312pt>
File: images/NatalKicks/Best_Model_Params.png Graphic file (type png)
<use images/NatalKicks/Best_Model_Params.png>
Package pdftex.def Info: images/NatalKicks/Best_Model_Params.png  used on input
 line 255.
(pdftex.def)             Requested size: 472.03123pt x 210.27153pt.
 [58] [59 <./images/NatalKicks/All_Three_Constraints_with_USSNe_and_modeltype2.
png>]
<images/NatalKicks/grid_shifting_peaks.png, id=2087, 497.2176pt x 298.4751pt>
File: images/NatalKicks/grid_shifting_peaks.png Graphic file (type png)
<use images/NatalKicks/grid_shifting_peaks.png>
Package pdftex.def Info: images/NatalKicks/grid_shifting_peaks.png  used on inp
ut line 266.
(pdftex.def)             Requested size: 472.03123pt x 283.37212pt.
<images/NatalKicks/event_rate_history_local.png, id=2090, 530.4618pt x 505.1673
pt>
File: images/NatalKicks/event_rate_history_local.png Graphic file (type png)
<use images/NatalKicks/event_rate_history_local.png>
Package pdftex.def Info: images/NatalKicks/event_rate_history_local.png  used o
n input line 273.
(pdftex.def)             Requested size: 472.03123pt x 449.53581pt.
 [60 <./images/NatalKicks/Best_Model_Params.png>]
[61 <./images/NatalKicks/grid_shifting_peaks.png>] [62 <./images/NatalKicks/eve
nt_rate_history_local.png>]) (./chapters/chapter19.tex [63] [64

]
Chapter 5.

LaTeX Font Warning: Font shape `T1/cmr/m/scit' undefined
(Font)              using `T1/cmr/m/it' instead on input line 11.

) [65] [66

] [67

] [68] (./chapters/appendices/appendixA.tex
Appendix A.
\openout5 = `main.pyg'.


(./_minted-main/690B020ED0944084D8BD765EE3AAFA805BD9CFCE54A68914ACB2DCF71641ADB
0.pygtex)
(./_minted-main/F1A5EA8A7A7E7B1976C078CA1EC83F78F69D0D2CCB40A37DBDA8BB228F15F41
2.pygtex)
Missing character: There is no c in font nullfont!
Missing character: There is no o in font nullfont!
Missing character: There is no l in font nullfont!
Missing character: There is no b in font nullfont!
Missing character: There is no a in font nullfont!
Missing character: There is no c in font nullfont!
Missing character: There is no k in font nullfont!

Underfull \vbox (badness 10000) has occurred while \output is active []

 [69

]
Missing character: There is no c in font nullfont!
Missing character: There is no o in font nullfont!
Missing character: There is no l in font nullfont!
Missing character: There is no b in font nullfont!
Missing character: There is no a in font nullfont!
Missing character: There is no c in font nullfont!
Missing character: There is no k in font nullfont!

[70]
Missing character: There is no c in font nullfont!
Missing character: There is no o in font nullfont!
Missing character: There is no l in font nullfont!
Missing character: There is no b in font nullfont!
Missing character: There is no a in font nullfont!
Missing character: There is no c in font nullfont!
Missing character: There is no k in font nullfont!
 [71]
Missing character: There is no c in font nullfont!
Missing character: There is no o in font nullfont!
Missing character: There is no l in font nullfont!
Missing character: There is no b in font nullfont!
Missing character: There is no a in font nullfont!
Missing character: There is no c in font nullfont!
Missing character: There is no k in font nullfont!
\openout5 = `main.pyg'.


(./_minted-main/22C35DF1C79DCF62B811E4D4364954605BD9CFCE54A68914ACB2DCF71641ADB
0.pygtex)
(./_minted-main/E1A457C42BE9FE91783DFC5B046C31D6F69D0D2CCB40A37DBDA8BB228F15F41
2.pygtex)
Missing character: There is no c in font nullfont!
Missing character: There is no o in font nullfont!
Missing character: There is no l in font nullfont!
Missing character: There is no b in font nullfont!
Missing character: There is no a in font nullfont!
Missing character: There is no c in font nullfont!
Missing character: There is no k in font nullfont!
 [72]
Missing character: There is no c in font nullfont!
Missing character: There is no o in font nullfont!
Missing character: There is no l in font nullfont!
Missing character: There is no b in font nullfont!
Missing character: There is no a in font nullfont!
Missing character: There is no c in font nullfont!
Missing character: There is no k in font nullfont!
 [73]
Missing character: There is no c in font nullfont!
Missing character: There is no o in font nullfont!
Missing character: There is no l in font nullfont!
Missing character: There is no b in font nullfont!
Missing character: There is no a in font nullfont!
Missing character: There is no c in font nullfont!
Missing character: There is no k in font nullfont!
 [74]
Missing character: There is no c in font nullfont!
Missing character: There is no o in font nullfont!
Missing character: There is no l in font nullfont!
Missing character: There is no b in font nullfont!
Missing character: There is no a in font nullfont!
Missing character: There is no c in font nullfont!
Missing character: There is no k in font nullfont!

(./_minted-main/3B25C72E4A35D18B6CC8408F07A506CFF69D0D2CCB40A37DBDA8BB228F15F41
2.pygtex)
Missing character: There is no c in font nullfont!
Missing character: There is no o in font nullfont!
Missing character: There is no l in font nullfont!
Missing character: There is no b in font nullfont!
Missing character: There is no a in font nullfont!
Missing character: There is no c in font nullfont!
Missing character: There is no k in font nullfont!
 [75]
Missing character: There is no c in font nullfont!
Missing character: There is no o in font nullfont!
Missing character: There is no l in font nullfont!
Missing character: There is no b in font nullfont!
Missing character: There is no a in font nullfont!
Missing character: There is no c in font nullfont!
Missing character: There is no k in font nullfont!
 [76]
Missing character: There is no c in font nullfont!
Missing character: There is no o in font nullfont!
Missing character: There is no l in font nullfont!
Missing character: There is no b in font nullfont!
Missing character: There is no a in font nullfont!
Missing character: There is no c in font nullfont!
Missing character: There is no k in font nullfont!
) (./chapters/appendices/appendixB.tex [77] [78

]
Appendix B.
) (./chapters/appendices/appendixC.tex [79] [80

]
Appendix C.

Package hyperref Warning: Token not allowed in a PDF string (Unicode):
(hyperref)                removing `\acrshort' on input line 2.


Package hyperref Warning: Token not allowed in a PDF string (Unicode):
(hyperref)                removing `\acrshort' on input line 2.

<images/NatalKicks/PeriodEccentricityDiagrams-O3Contour.png, id=2239, 427.5975p
t x 606.8271pt>
File: images/NatalKicks/PeriodEccentricityDiagrams-O3Contour.png Graphic file (
type png)
<use images/NatalKicks/PeriodEccentricityDiagrams-O3Contour.png>
Package pdftex.def Info: images/NatalKicks/PeriodEccentricityDiagrams-O3Contour
.png  used on input line 8.
(pdftex.def)             Requested size: 399.3188pt x 566.68968pt.
) (./chapters/appendices/appendixD.tex [81] [82 <./images/NatalKicks/PeriodEcce
ntricityDiagrams-O3Contour.png>]
Appendix D.
) [83

] [84pdfTeX warning (ext4): destination with the same identifier (name{table.a.
D.1}) has been already used, duplicate ignored
<argument> ...shipout:D \box_use:N \l_shipout_box 
                                                  \__shipout_drop_firstpage_...
l.468     \backmatter
                      % Denotes the end of the main document content]
(./main.bbl
LaTeX Info: Redefining \UD on input line 1.
LaTeX Info: Redefining \DE on input line 1.
LaTeX Info: Redefining \VAN on input line 1.
 [85


] [86] [87] [88] [89] [90] [91]
Underfull \hbox (badness 1194) in paragraph at lines 694--699
[]\T1/cmr/m/n/10 Williams V. V., 2012, in Pro-ceed-ings of the forty-fourth an-
nual ACM sym-po-sium on The-ory of
 []

) [92] 
AED: lastpage setting LastPage
[93] (./main.aux)
Package rerunfilecheck Info: File `main.out' has not changed.
(rerunfilecheck)             Checksum: D0BE39C86CE344C7BBC56B08AC06A21A;15623.
runsystem(rm main.pyg)...executed.

 ) 
Here is how much of TeX's memory you used:
 49806 strings out of 478512
 1007954 string characters out of 5849625
 1410224 words of memory out of 5000000
 66188 multiletter control sequences out of 15000+600000
 454574 words of font info for 127 fonts, out of 8000000 for 9000
 1141 hyphenation exceptions out of 8191
 96i,20n,97p,1507b,2053s stack positions out of 5000i,500n,10000p,200000b,80000s
{/usr/local/texlive/2021/texmf-dist/fonts/enc/dvips/cm-super/cm-super-ts1.enc
}{/usr/local/texlive/2021/texmf-dist/fonts/enc/dvips/cm-super/cm-super-t1.enc}{
/usr/local/texlive/2021/texmf-dist/fonts/enc/dvips/lm/lm-ec.enc}</usr/local/tex
live/2021/texmf-dist/fonts/type1/public/amsfonts/cm/cmbx10.pfb></usr/local/texl
ive/2021/texmf-dist/fonts/type1/public/amsfonts/cm/cmex10.pfb></usr/local/texli
ve/2021/texmf-dist/fonts/type1/public/amsfonts/cmextra/cmex7.pfb></usr/local/te
xlive/2021/texmf-dist/fonts/type1/public/amsfonts/cmextra/cmex8.pfb></usr/local
/texlive/2021/texmf-dist/fonts/type1/public/amsfonts/cm/cmmi10.pfb></usr/local/
texlive/2021/texmf-dist/fonts/type1/public/amsfonts/cm/cmmi5.pfb></usr/local/te
xlive/2021/texmf-dist/fonts/type1/public/amsfonts/cm/cmmi6.pfb></usr/local/texl
ive/2021/texmf-dist/fonts/type1/public/amsfonts/cm/cmmi7.pfb></usr/local/texliv
e/2021/texmf-dist/fonts/type1/public/amsfonts/cm/cmmi8.pfb></usr/local/texlive/
2021/texmf-dist/fonts/type1/public/amsfonts/cm/cmmi9.pfb></usr/local/texlive/20
21/texmf-dist/fonts/type1/public/amsfonts/cm/cmmib10.pfb></usr/local/texlive/20
21/texmf-dist/fonts/type1/public/amsfonts/cm/cmr10.pfb></usr/local/texlive/2021
/texmf-dist/fonts/type1/public/amsfonts/cm/cmr5.pfb></usr/local/texlive/2021/te
xmf-dist/fonts/type1/public/amsfonts/cm/cmr6.pfb></usr/local/texlive/2021/texmf
-dist/fonts/type1/public/amsfonts/cm/cmr7.pfb></usr/local/texlive/2021/texmf-di
st/fonts/type1/public/amsfonts/cm/cmr8.pfb></usr/local/texlive/2021/texmf-dist/
fonts/type1/public/amsfonts/cm/cmr9.pfb></usr/local/texlive/2021/texmf-dist/fon
ts/type1/public/amsfonts/cm/cmsy10.pfb></usr/local/texlive/2021/texmf-dist/font
s/type1/public/amsfonts/cm/cmsy5.pfb></usr/local/texlive/2021/texmf-dist/fonts/
type1/public/amsfonts/cm/cmsy6.pfb></usr/local/texlive/2021/texmf-dist/fonts/ty
pe1/public/amsfonts/cm/cmsy7.pfb></usr/local/texlive/2021/texmf-dist/fonts/type
1/public/amsfonts/cm/cmsy8.pfb></usr/local/texlive/2021/texmf-dist/fonts/type1/
public/cbfonts/grmi0900.pfb></usr/local/texlive/2021/texmf-dist/fonts/type1/pub
lic/lm/lmss12.pfb></usr/local/texlive/2021/texmf-dist/fonts/type1/public/lm/lms
s17.pfb></usr/local/texlive/2021/texmf-dist/fonts/type1/public/amsfonts/symbols
/msam10.pfb></usr/local/texlive/2021/texmf-dist/fonts/type1/public/cm-super/sfb
i0900.pfb></usr/local/texlive/2021/texmf-dist/fonts/type1/public/cm-super/sfbi1
000.pfb></usr/local/texlive/2021/texmf-dist/fonts/type1/public/cm-super/sfbx090
0.pfb></usr/local/texlive/2021/texmf-dist/fonts/type1/public/cm-super/sfbx1000.
pfb></usr/local/texlive/2021/texmf-dist/fonts/type1/public/cm-super/sfbx1440.pf
b></usr/local/texlive/2021/texmf-dist/fonts/type1/public/cm-super/sfbx2074.pfb>
</usr/local/texlive/2021/texmf-dist/fonts/type1/public/cm-super/sfbx2488.pfb></
usr/local/texlive/2021/texmf-dist/fonts/type1/public/cm-super/sfcc0800.pfb></us
r/local/texlive/2021/texmf-dist/fonts/type1/public/cm-super/sfcc0900.pfb></usr/
local/texlive/2021/texmf-dist/fonts/type1/public/cm-super/sfcc1000.pfb></usr/lo
cal/texlive/2021/texmf-dist/fonts/type1/public/cm-super/sfcc1200.pfb></usr/loca
l/texlive/2021/texmf-dist/fonts/type1/public/cm-super/sfcc1728.pfb></usr/local/
texlive/2021/texmf-dist/fonts/type1/public/cm-super/sfit1000.pfb></usr/local/te
xlive/2021/texmf-dist/fonts/type1/public/cm-super/sfrm0500.pfb></usr/local/texl
ive/2021/texmf-dist/fonts/type1/public/cm-super/sfrm0600.pfb></usr/local/texliv
e/2021/texmf-dist/fonts/type1/public/cm-super/sfrm0700.pfb></usr/local/texlive/
2021/texmf-dist/fonts/type1/public/cm-super/sfrm0800.pfb></usr/local/texlive/20
21/texmf-dist/fonts/type1/public/cm-super/sfrm0900.pfb></usr/local/texlive/2021
/texmf-dist/fonts/type1/public/cm-super/sfrm1000.pfb></usr/local/texlive/2021/t
exmf-dist/fonts/type1/public/cm-super/sfrm1200.pfb></usr/local/texlive/2021/tex
mf-dist/fonts/type1/public/cm-super/sfrm1728.pfb></usr/local/texlive/2021/texmf
-dist/fonts/type1/public/cm-super/sfti0900.pfb></usr/local/texlive/2021/texmf-d
ist/fonts/type1/public/cm-super/sfti1000.pfb></usr/local/texlive/2021/texmf-dis
t/fonts/type1/public/cm-super/sftt0900.pfb></usr/local/texlive/2021/texmf-dist/
fonts/type1/public/cm-super/sftt1000.pfb></usr/local/texlive/2021/texmf-dist/fo
nts/type1/public/cm-super/sfxc1440.pfb>
Output written on main.pdf (121 pages, 10038314 bytes).
PDF statistics:
 2782 PDF objects out of 2984 (max. 8388607)
 2396 compressed objects within 24 object streams
 507 named destinations out of 1000 (max. 500000)
 941 words of extra memory for PDF output out of 10000 (max. 10000000)

